Close,sentimiento,Date
134.2100067138672,202.37990000000002,2013-04-28
144.5399932861328,259.706,2013-04-29
139.0,293.084,2013-04-30
116.98999786376953,465.59180000000003,2013-05-01
105.20999908447266,329.7839,2013-05-02
97.75,351.33140000000003,2013-05-03
112.5,349.8512,2013-05-04
115.91000366210938,414.011,2013-05-05
112.30000305175781,318.2308,2013-05-06
111.5,384.4064,2013-05-07
113.56600189208984,300.54220000000004,2013-05-08
112.66999816894531,219.2075,2013-05-09
117.19999694824219,191.90730000000002,2013-05-10
115.24299621582031,6.5166,2013-05-11
115.0,0.5486000000000001,2013-05-12
117.9800033569336,42.442800000000005,2013-05-13
111.5,157.98600000000002,2013-05-14
114.22000122070312,411.97090000000003,2013-05-15
118.76000213623047,351.5264,2013-05-16
123.01499938964844,295.02250000000004,2013-05-17
123.49800109863281,136.1844,2013-05-18
121.98999786376953,151.673,2013-05-19
122.0,171.5268,2013-05-20
122.87999725341797,92.9736,2013-05-21
123.88899993896484,229.3819,2013-05-22
126.69999694824219,140.50050000000002,2013-05-23
133.1999969482422,239.3544,2013-05-24
131.97999572753906,155.2307,2013-05-25
133.47999572753906,161.6413,2013-05-26
129.7449951171875,218.08190000000002,2013-05-27
129.0,257.6209,2013-05-28
132.3000030517578,246.8445,2013-05-29
128.7989959716797,222.41080000000002,2013-05-30
129.0,161.3642,2013-05-31
129.3000030517578,108.05460000000001,2013-06-01
122.29199981689453,244.26950000000002,2013-06-02
122.22200012207031,190.3801,2013-06-03
121.41999816894531,184.0686,2013-06-04
121.6500015258789,274.2128,2013-06-05
118.0,163.8134,2013-06-06
111.5,297.235,2013-06-07
108.30000305175781,238.0088,2013-06-08
100.0,360.6392,2013-06-09
106.3499984741211,270.61220000000003,2013-06-10
108.9000015258789,152.6151,2013-06-11
108.1500015258789,7.6716,2013-06-12
104.0,-2.3661,2013-06-13
99.97889709472656,-0.6416000000000002,2013-06-14
99.98809814453125,0.2998999999999999,2013-06-15
99.51000213623047,-3.7648,2013-06-16
101.69999694824219,-3.2600000000000002,2013-06-17
107.4000015258789,-2.8233,2013-06-18
108.25,-4.5625,2013-06-19
110.1500015258789,-5.795,2013-06-20
109.5,-5.1634,2013-06-21
108.30000305175781,0.7605999999999999,2013-06-22
107.5999984741211,-0.17140000000000014,2013-06-23
102.73699951171875,-1.1864,2013-06-24
103.94999694824219,-3.5933,2013-06-25
104.0,0.06470000000000009,2013-06-26
101.43699645996094,-2.0076,2013-06-27
94.64920043945312,0.9153,2013-06-28
94.99400329589844,-2.2903000000000002,2013-06-29
96.61399841308594,-2.0530999999999997,2013-06-30
88.05000305175781,1.1787999999999998,2013-07-01
90.13400268554688,-2.3648000000000002,2013-07-02
77.52999877929688,-8.203,2013-07-03
80.52580261230469,-3.4208,2013-07-04
68.43099975585938,1.5774000000000001,2013-07-05
70.27729797363281,-3.0486,2013-07-06
74.56109619140625,-1.6552,2013-07-07
76.51599884033203,0.19440000000000007,2013-07-08
76.69400024414062,1.9114,2013-07-09
86.76000213623047,23.866,2013-07-10
88.9800033569336,16.9722,2013-07-11
93.59490203857422,23.9552,2013-07-12
98.13390350341797,6.9805,2013-07-13
94.69129943847656,-2.2821,2013-07-14
98.40019989013672,-4.354,2013-07-15
97.45079803466797,-5.6172,2013-07-16
98.5,-2.1321,2013-07-17
90.58000183105469,0.37460000000000004,2013-07-18
92.16999816894531,-0.33139999999999986,2013-07-19
89.39009857177734,-0.9347000000000001,2013-07-20
90.7573013305664,-3.8375,2013-07-21
91.61000061035156,-2.9007,2013-07-22
95.55850219726562,-1.8329,2013-07-23
94.51000213623047,-0.46299999999999997,2013-07-24
96.9000015258789,12.9902,2013-07-25
96.02020263671875,43.1037,2013-07-26
94.11599731445312,35.981,2013-07-27
99.75599670410156,33.1355,2013-07-28
101.19999694824219,29.8448,2013-07-29
107.98999786376953,41.6233,2013-07-30
106.08999633789062,41.0459,2013-07-31
104.0,37.0067,2013-08-01
104.5009994506836,-0.3343000000000001,2013-08-02
104.00499725341797,-2.7285,2013-08-03
105.14399719238281,9.1941,2013-08-04
106.22000122070312,34.926,2013-08-05
106.75,37.707,2013-08-06
106.75,42.2318,2013-08-07
103.0,11.8667,2013-08-08
102.80000305175781,22.484,2013-08-09
103.0,24.8842,2013-08-10
105.0,23.421400000000002,2013-08-11
106.63600158691406,29.4057,2013-08-12
109.0,5.0611,2013-08-13
112.56199645996094,-0.9069,2013-08-14
109.98999786376953,1.2268000000000001,2013-08-15
108.99400329589844,1.5453000000000001,2013-08-16
113.5,9.3125,2013-08-17
113.5,7.9736,2013-08-18
119.0,7.2862,2013-08-19
121.20500183105469,7.675,2013-08-20
123.30000305175781,5.3693,2013-08-21
121.1500015258789,9.857,2013-08-22
118.5009994506836,14.7035,2013-08-23
120.04499816894531,11.2576,2013-08-24
122.11100006103516,1.5716,2013-08-25
120.05599975585938,-0.03369999999999984,2013-08-26
126.5,-3.0109,2013-08-27
122.62000274658203,-2.9404,2013-08-28
122.38999938964844,2.4179,2013-08-29
133.49000549316406,-0.13550000000000006,2013-08-30
135.35000610351562,0.020099999999999965,2013-08-31
138.33999633789062,-0.20809999999999995,2013-09-01
135.85000610351562,-0.8534999999999999,2013-09-02
136.77000427246094,-1.6266,2013-09-03
126.73999786376953,1.3619999999999999,2013-09-04
126.43000030517578,2.682,2013-09-05
119.1500015258789,1.7144000000000001,2013-09-06
124.1500015258789,0.8914000000000001,2013-09-07
121.66000366210938,-2.8806000000000003,2013-09-08
127.11000061035156,-1.7548,2013-09-09
125.91000366210938,0.5896,2013-09-10
135.25,-2.2767,2013-09-11
133.1300048828125,24.8037,2013-09-12
134.97999572753906,1.4277,2013-09-13
129.22000122070312,0.35829999999999984,2013-09-14
130.3699951171875,-0.5504999999999999,2013-09-15
131.72000122070312,-0.27509999999999996,2013-09-16
131.66000366210938,-1.2942,2013-09-17
131.47000122070312,0.3013,2013-09-18
129.64999389648438,-5.1751000000000005,2013-09-19
127.04000091552734,-2.4139,2013-09-20
127.43000030517578,0.8310999999999998,2013-09-21
129.1199951171875,-0.9824999999999998,2013-09-22
125.94999694824219,-1.7067,2013-09-23
127.25,-3.0579,2013-09-24
128.22000122070312,-1.0986,2013-09-25
128.3800048828125,-1.9270999999999998,2013-09-26
133.77999877929688,0.031099999999999905,2013-09-27
134.77999877929688,-0.5352,2013-09-28
137.33999633789062,1.5381,2013-09-29
133.0,-1.6096,2013-09-30
132.17999267578125,6.0716,2013-10-01
114.12999725341797,27.4465,2013-10-02
123.62999725341797,20.1588,2013-10-03
129.00999450683594,27.3066,2013-10-04
128.5500030517578,23.3169,2013-10-05
129.0,21.657600000000002,2013-10-06
126.94000244140625,23.0659,2013-10-07
126.0,26.2685,2013-10-08
130.69000244140625,17.0757,2013-10-09
130.58999633789062,8.4459,2013-10-10
130.89999389648438,22.9017,2013-10-11
135.19000244140625,30.331200000000003,2013-10-12
138.1300048828125,12.6457,2013-10-13
140.52000427246094,11.388300000000001,2013-10-14
145.24000549316406,10.33,2013-10-15
142.5500030517578,30.2631,2013-10-16
146.25,23.6624,2013-10-17
155.9600067138672,12.6723,2013-10-18
172.4199981689453,15.1806,2013-10-19
174.61000061035156,16.8037,2013-10-20
182.2100067138672,20.634600000000002,2013-10-21
193.75999450683594,22.381700000000002,2013-10-22
213.6199951171875,24.9787,2013-10-23
198.22999572753906,15.7318,2013-10-24
186.69000244140625,12.241100000000001,2013-10-25
177.32000732421875,24.4132,2013-10-26
196.44000244140625,30.541500000000003,2013-10-27
198.5500030517578,11.6051,2013-10-28
204.38999938964844,14.9822,2013-10-29
199.97000122070312,26.276,2013-10-30
204.0,14.3085,2013-10-31
206.17999267578125,25.740000000000002,2013-11-01
206.22000122070312,20.2302,2013-11-02
215.0500030517578,24.7223,2013-11-03
229.10000610351562,21.0106,2013-11-04
245.24000549316406,21.712600000000002,2013-11-05
262.5,18.6399,2013-11-06
296.4100036621094,23.717200000000002,2013-11-07
338.1099853515625,23.188100000000002,2013-11-08
339.1099853515625,20.6063,2013-11-09
326.6199951171875,28.9084,2013-11-10
342.44000244140625,16.497500000000002,2013-11-11
360.3299865722656,22.837600000000002,2013-11-12
407.3699951171875,18.0456,2013-11-13
420.20001220703125,17.6594,2013-11-14
417.95001220703125,-0.1777999999999999,2013-11-15
440.2200012207031,-0.5815999999999999,2013-11-16
492.1099853515625,1.6480000000000001,2013-11-17
703.5599975585938,2.2474000000000003,2013-11-18
584.6099853515625,-0.0033999999999995145,2013-11-19
590.8300170898438,8.701,2013-11-20
722.4299926757812,70.6958,2013-11-21
771.4400024414062,48.3791,2013-11-22
797.8200073242188,82.47030000000001,2013-11-23
774.25,108.1996,2013-11-24
799.1099853515625,111.10090000000001,2013-11-25
928.0999755859375,107.9809,2013-11-26
1001.9600219726562,122.9119,2013-11-27
1031.949951171875,113.2622,2013-11-28
1131.969970703125,102.28240000000001,2013-11-29
1129.4300537109375,105.2808,2013-11-30
955.8499755859375,103.5013,2013-12-01
1043.3299560546875,116.8887,2013-12-02
1078.280029296875,128.6146,2013-12-03
1151.1700439453125,112.0317,2013-12-04
1045.1099853515625,116.6097,2013-12-05
829.4500122070312,111.70840000000001,2013-12-06
698.22998046875,113.40230000000001,2013-12-07
795.8699951171875,94.61070000000001,2013-12-08
893.1900024414062,115.23020000000001,2013-12-09
988.510009765625,106.3519,2013-12-10
878.47998046875,109.1259,2013-12-11
873.260009765625,118.2692,2013-12-12
892.5800170898438,103.1126,2013-12-13
872.5999755859375,107.0908,2013-12-14
876.1199951171875,112.8189,2013-12-15
705.969970703125,115.0407,2013-12-16
682.1199951171875,112.45230000000001,2013-12-17
522.7000122070312,58.9129,2013-12-18
691.9600219726562,57.8404,2013-12-19
625.3200073242188,110.17670000000001,2013-12-20
605.6599731445312,111.91380000000001,2013-12-21
617.1799926757812,106.8878,2013-12-22
673.4099731445312,113.5219,2013-12-23
665.5800170898438,115.8863,2013-12-24
682.2100219726562,108.8829,2013-12-25
761.97998046875,107.3207,2013-12-26
735.0700073242188,109.73830000000001,2013-12-27
727.8300170898438,116.281,2013-12-28
745.0499877929688,98.7435,2013-12-29
756.1300048828125,102.7872,2013-12-30
754.010009765625,105.0754,2013-12-31
771.4000244140625,111.8724,2014-01-01
802.3900146484375,104.4285,2014-01-02
818.719970703125,114.9479,2014-01-03
859.510009765625,116.7004,2014-01-04
933.530029296875,108.81660000000001,2014-01-05
953.2899780273438,113.42970000000001,2014-01-06
802.0,110.84440000000001,2014-01-07
842.719970703125,118.9641,2014-01-08
846.8599853515625,105.566,2014-01-09
868.47998046875,99.63170000000001,2014-01-10
913.9500122070312,115.9242,2014-01-11
863.219970703125,90.5104,2014-01-12
841.2000122070312,98.759,2014-01-13
833.27001953125,106.4621,2014-01-14
860.9000244140625,104.1984,2014-01-15
835.6300048828125,99.8763,2014-01-16
814.6400146484375,74.1319,2014-01-17
840.0,49.1746,2014-01-18
870.9600219726562,97.6782,2014-01-19
870.2000122070312,87.6773,2014-01-20
863.9099731445312,75.0329,2014-01-21
845.5900268554688,86.4128,2014-01-22
822.0399780273438,75.63940000000001,2014-01-23
797.0700073242188,71.30720000000001,2014-01-24
853.6099853515625,64.417,2014-01-25
885.280029296875,58.959700000000005,2014-01-26
771.3900146484375,68.0597,2014-01-27
812.510009765625,63.060900000000004,2014-01-28
826.0,16.2868,2014-01-29
819.030029296875,77.9711,2014-01-30
829.9199829101562,75.3518,2014-01-31
832.5800170898438,104.0873,2014-02-01
825.3699951171875,89.5549,2014-02-02
823.8300170898438,80.9346,2014-02-03
827.9600219726562,86.9924,2014-02-04
811.9099731445312,96.13730000000001,2014-02-05
781.5499877929688,85.31880000000001,2014-02-06
712.4000244140625,109.90780000000001,2014-02-07
673.9199829101562,91.385,2014-02-08
682.9000244140625,87.43010000000001,2014-02-09
681.030029296875,99.20200000000001,2014-02-10
672.1699829101562,80.1881,2014-02-11
651.719970703125,75.0725,2014-02-12
605.239990234375,63.962900000000005,2014-02-13
661.989990234375,82.86460000000001,2014-02-14
650.9199829101562,75.09270000000001,2014-02-15
616.6300048828125,60.132600000000004,2014-02-16
626.27001953125,78.4179,2014-02-17
626.5999755859375,61.9994,2014-02-18
623.030029296875,53.037000000000006,2014-02-19
556.1400146484375,70.5852,2014-02-20
574.1599731445312,59.1173,2014-02-21
605.4199829101562,78.9933,2014-02-22
605.8200073242188,76.2647,2014-02-23
546.3200073242188,87.63470000000001,2014-02-24
538.7100219726562,67.3343,2014-02-25
582.6900024414062,82.2739,2014-02-26
578.77001953125,65.58330000000001,2014-02-27
549.260009765625,65.00370000000001,2014-02-28
565.6099853515625,48.0936,2014-03-01
559.7899780273438,51.526300000000006,2014-03-02
667.760009765625,58.072900000000004,2014-03-03
666.780029296875,64.3716,2014-03-04
665.510009765625,60.645300000000006,2014-03-05
663.8599853515625,61.5041,2014-03-06
629.1500244140625,66.0417,2014-03-07
617.4500122070312,60.7248,2014-03-08
636.9600219726562,43.6173,2014-03-09
627.7899780273438,71.0907,2014-03-10
634.1099853515625,59.456900000000005,2014-03-11
632.0999755859375,86.9719,2014-03-12
638.1400146484375,75.1927,2014-03-13
628.7999877929688,52.6664,2014-03-14
636.1199951171875,67.9109,2014-03-15
631.1099853515625,79.6417,2014-03-16
622.3729858398438,71.2732,2014-03-17
614.8319702148438,68.85990000000001,2014-03-18
609.8880004882812,86.6035,2014-03-19
588.77001953125,84.0005,2014-03-20
571.489990234375,80.23400000000001,2014-03-21
565.0399780273438,63.382600000000004,2014-03-22
561.27197265625,67.76700000000001,2014-03-23
583.4119873046875,71.8294,2014-03-24
583.9169921875,67.0085,2014-03-25
580.8270263671875,54.2948,2014-03-26
471.239013671875,82.8163,2014-03-27
495.6659851074219,69.84620000000001,2014-03-28
491.1719970703125,74.7997,2014-03-29
460.27301025390625,88.7996,2014-03-30
457.0010070800781,97.93270000000001,2014-03-31
478.375,85.70750000000001,2014-04-01
437.1400146484375,71.7743,2014-04-02
444.7179870605469,87.83550000000001,2014-04-03
447.5260009765625,69.6554,2014-04-04
461.9070129394531,96.18430000000001,2014-04-05
460.4989929199219,65.8826,2014-04-06
449.4230041503906,71.69890000000001,2014-04-07
453.08599853515625,92.65570000000001,2014-04-08
442.7250061035156,91.4423,2014-04-09
365.1759948730469,69.2475,2014-04-10
420.9469909667969,89.88260000000001,2014-04-11
421.1159973144531,81.50280000000001,2014-04-12
414.06298828125,69.9886,2014-04-13
458.7869873046875,78.1877,2014-04-14
515.5859985351562,96.2282,2014-04-15
527.39501953125,81.02720000000001,2014-04-16
495.9630126953125,81.0755,2014-04-17
479.6449890136719,66.3777,2014-04-18
501.56500244140625,67.54140000000001,2014-04-19
498.1679992675781,64.1168,2014-04-20
495.77301025390625,62.7695,2014-04-21
487.92401123046875,67.2266,2014-04-22
491.3030090332031,58.0566,2014-04-23
500.4649963378906,73.5856,2014-04-24
461.4490051269531,74.11890000000001,2014-04-25
458.60101318359375,50.6871,2014-04-26
436.3900146484375,71.6901,2014-04-27
440.2850036621094,58.468300000000006,2014-04-28
447.2090148925781,70.9248,2014-04-29
447.6449890136719,77.8173,2014-04-30
457.760009765625,55.6212,2014-05-01
449.37701416015625,42.5459,2014-05-02
437.7619934082031,48.7177,2014-05-03
436.40301513671875,66.3583,2014-05-04
433.48199462890625,71.63550000000001,2014-05-05
428.9620056152344,90.4666,2014-05-06
438.8210144042969,68.65520000000001,2014-05-07
440.16900634765625,63.7999,2014-05-08
449.46099853515625,61.679,2014-05-09
454.4330139160156,70.37360000000001,2014-05-10
438.885986328125,68.59140000000001,2014-05-11
441.4620056152344,53.8243,2014-05-12
440.6709899902344,53.247800000000005,2014-05-13
443.97198486328125,77.9486,2014-05-14
447.25201416015625,79.8953,2014-05-15
448.0580139160156,67.6895,2014-05-16
448.90301513671875,69.4491,2014-05-17
446.2640075683594,72.66,2014-05-18
446.1809997558594,74.0642,2014-05-19
485.7239990234375,69.5462,2014-05-20
491.7699890136719,48.1781,2014-05-21
524.5789794921875,67.0523,2014-05-22
520.2219848632812,80.3776,2014-05-23
525.1380004882812,92.7913,2014-05-24
571.5880126953125,82.8638,2014-05-25
583.4240112304688,93.9248,2014-05-26
571.2440185546875,80.6055,2014-05-27
577.06201171875,71.022,2014-05-28
568.1799926757812,79.3514,2014-05-29
615.3250122070312,79.7971,2014-05-30
623.677001953125,72.5912,2014-05-31
630.22900390625,103.272,2014-06-01
660.6179809570312,76.2345,2014-06-02
667.60498046875,96.9868,2014-06-03
641.614013671875,88.65950000000001,2014-06-04
659.2579956054688,80.8092,2014-06-05
653.7020263671875,73.1741,2014-06-06
654.968994140625,46.1152,2014-06-07
656.1400146484375,54.5495,2014-06-08
649.1589965820312,70.6984,2014-06-09
653.1500244140625,59.2569,2014-06-10
633.02001953125,59.678200000000004,2014-06-11
586.9520263671875,61.729600000000005,2014-06-12
600.1630249023438,61.422900000000006,2014-06-13
577.3579711914062,74.5009,2014-06-14
592.93701171875,69.7365,2014-06-15
592.18798828125,60.6691,2014-06-16
610.864013671875,52.3273,2014-06-17
607.9580078125,51.2558,2014-06-18
598.0709838867188,64.3606,2014-06-19
594.14599609375,84.8131,2014-06-20
594.9920043945312,77.2316,2014-06-21
602.2730102539062,68.4957,2014-06-22
593.9840087890625,76.5811,2014-06-23
582.3569946289062,67.1438,2014-06-24
566.3359985351562,94.21390000000001,2014-06-25
581.1370239257812,83.5708,2014-06-26
597.260986328125,74.7051,2014-06-27
596.5490112304688,88.4424,2014-06-28
602.7150268554688,70.5025,2014-06-29
639.7969970703125,64.644,2014-06-30
640.8060302734375,65.325,2014-07-01
650.8790283203125,73.2238,2014-07-02
645.156005859375,46.483200000000004,2014-07-03
630.6920166015625,56.7935,2014-07-04
631.4569702148438,54.6253,2014-07-05
635.8070068359375,40.8408,2014-07-06
624.0859985351562,69.6205,2014-07-07
624.8179931640625,75.97540000000001,2014-07-08
624.5089721679688,66.626,2014-07-09
616.7620239257812,70.2022,2014-07-10
632.0029907226562,70.4063,2014-07-11
633.7130126953125,73.664,2014-07-12
626.4970092773438,62.011,2014-07-13
619.3150024414062,78.15050000000001,2014-07-14
621.5859985351562,84.76740000000001,2014-07-15
616.7999877929688,96.8527,2014-07-16
623.0889892578125,81.51400000000001,2014-07-17
628.7789916992188,78.902,2014-07-18
628.5150146484375,42.4724,2014-07-19
623.9000244140625,76.73910000000001,2014-07-20
622.2109985351562,82.82950000000001,2014-07-21
621.551025390625,72.7455,2014-07-22
619.4149780273438,97.12,2014-07-23
601.7329711914062,76.25,2014-07-24
601.0889892578125,75.1039,2014-07-25
595.81298828125,78.1637,2014-07-26
593.8519897460938,58.5957,2014-07-27
585.6909790039062,67.6704,2014-07-28
584.7249755859375,69.6613,2014-07-29
567.2930297851562,82.6983,2014-07-30
586.2349853515625,75.7071,2014-07-31
594.916015625,61.4838,2014-08-01
589.3330078125,64.6146,2014-08-02
586.666015625,71.7101,2014-08-03
588.781982421875,65.3151,2014-08-04
585.4359741210938,66.4492,2014-08-05
584.6530151367188,62.9745,2014-08-06
588.8690185546875,42.3756,2014-08-07
592.5770263671875,58.948,2014-08-08
589.3720092773438,59.078,2014-08-09
591.0609741210938,46.3159,2014-08-10
576.3679809570312,61.771300000000004,2014-08-11
569.6420288085938,91.4243,2014-08-12
546.6580200195312,95.71350000000001,2014-08-13
505.9739990234375,110.2432,2014-08-14
497.010009765625,95.1263,2014-08-15
519.7080078125,100.69680000000001,2014-08-16
491.7950134277344,103.07730000000001,2014-08-17
461.4599914550781,85.1961,2014-08-18
485.2449951171875,53.8575,2014-08-19
511.9800109863281,84.3265,2014-08-20
517.2369995117188,54.246700000000004,2014-08-21
514.0430297851562,89.81830000000001,2014-08-22
498.07501220703125,111.83200000000001,2014-08-23
508.2860107421875,110.1307,2014-08-24
502.4960021972656,105.3146,2014-08-25
511.57000732421875,73.22330000000001,2014-08-26
511.15301513671875,91.1956,2014-08-27
507.81500244140625,94.9025,2014-08-28
508.5169982910156,96.2645,2014-08-29
504.2489929199219,111.8438,2014-08-30
477.76300048828125,100.979,2014-08-31
474.8789978027344,107.297,2014-09-01
477.4259948730469,99.03620000000001,2014-09-02
477.58599853515625,107.59150000000001,2014-09-03
489.6600036621094,95.0952,2014-09-04
483.3420104980469,102.9543,2014-09-05
484.8299865722656,99.6812,2014-09-06
482.27801513671875,98.88770000000001,2014-09-07
474.6000061035156,106.6322,2014-09-08
475.260009765625,90.9773,2014-09-09
479.3590087890625,65.4889,2014-09-10
479.7489929199219,100.3895,2014-09-11
477.75299072265625,91.3326,2014-09-12
479.00201416015625,88.8118,2014-09-13
477.8919982910156,49.1056,2014-09-14
475.3710021972656,54.1646,2014-09-15
466.0570068359375,52.2384,2014-09-16
457.3340148925781,59.3147,2014-09-17
424.44000244140625,64.2723,2014-09-18
394.7959899902344,57.647800000000004,2014-09-19
408.90399169921875,64.8124,2014-09-20
398.8210144042969,55.2684,2014-09-21
402.1520080566406,51.7378,2014-09-22
435.7909851074219,69.32220000000001,2014-09-23
423.2049865722656,81.4036,2014-09-24
411.5740051269531,78.66210000000001,2014-09-25
404.42498779296875,85.7261,2014-09-26
399.5199890136719,77.5077,2014-09-27
377.1809997558594,103.9965,2014-09-28
375.4670104980469,121.8254,2014-09-29
386.9440002441406,119.864,2014-09-30
383.614990234375,99.7525,2014-10-01
375.0719909667969,111.1609,2014-10-02
359.5119934082031,92.1337,2014-10-03
328.8659973144531,65.4186,2014-10-04
320.510009765625,99.4886,2014-10-05
330.0790100097656,112.60220000000001,2014-10-06
336.18701171875,117.976,2014-10-07
352.94000244140625,110.6423,2014-10-08
365.0260009765625,113.1502,2014-10-09
361.56201171875,99.1144,2014-10-10
362.29901123046875,119.0202,2014-10-11
378.54901123046875,118.7251,2014-10-12
390.41400146484375,122.3134,2014-10-13
400.8699951171875,100.1367,2014-10-14
394.77301025390625,120.1584,2014-10-15
382.5559997558594,153.9347,2014-10-16
383.75799560546875,114.4259,2014-10-17
391.4419860839844,119.59060000000001,2014-10-18
389.5459899902344,117.3292,2014-10-19
382.8450012207031,109.6031,2014-10-20
386.4750061035156,101.7379,2014-10-21
383.1579895019531,108.0216,2014-10-22
358.4169921875,114.29610000000001,2014-10-23
358.3450012207031,127.10560000000001,2014-10-24
347.27099609375,122.24040000000001,2014-10-25
354.7040100097656,109.9414,2014-10-26
352.989013671875,96.29140000000001,2014-10-27
357.6180114746094,113.84870000000001,2014-10-28
335.59100341796875,112.2886,2014-10-29
345.30499267578125,127.2924,2014-10-30
338.3210144042969,112.7967,2014-10-31
325.7489929199219,111.45280000000001,2014-11-01
325.8919982910156,98.3366,2014-11-02
327.5539855957031,146.053,2014-11-03
330.49200439453125,136.2835,2014-11-04
339.4859924316406,122.8245,2014-11-05
349.2900085449219,128.1668,2014-11-06
342.4150085449219,100.5406,2014-11-07
345.4880065917969,110.4813,2014-11-08
363.2640075683594,85.4072,2014-11-09
366.92401123046875,107.7068,2014-11-10
367.69500732421875,160.7918,2014-11-11
423.5610046386719,155.6879,2014-11-12
420.7349853515625,119.22120000000001,2014-11-13
397.8179931640625,137.77110000000002,2014-11-14
376.13299560546875,140.7613,2014-11-15
387.8819885253906,108.3768,2014-11-16
387.4079895019531,105.0233,2014-11-17
375.197998046875,171.8624,2014-11-18
380.55499267578125,128.8366,2014-11-19
357.8399963378906,133.3297,2014-11-20
350.8479919433594,133.5135,2014-11-21
352.9200134277344,130.3671,2014-11-22
367.572998046875,122.9688,2014-11-23
376.9010009765625,120.8977,2014-11-24
375.3479919433594,160.5221,2014-11-25
368.3699951171875,131.8879,2014-11-26
369.6700134277344,138.44660000000002,2014-11-27
376.4469909667969,104.1524,2014-11-28
375.4909973144531,120.3929,2014-11-29
378.0469970703125,123.4156,2014-11-30
379.2449951171875,132.4249,2014-12-01
381.31500244140625,152.3634,2014-12-02
375.010009765625,135.1672,2014-12-03
369.60400390625,117.1498,2014-12-04
376.85400390625,95.9239,2014-12-05
374.7850036621094,97.47930000000001,2014-12-06
375.0950012207031,131.7457,2014-12-07
361.90899658203125,202.5515,2014-12-08
352.218994140625,221.6344,2014-12-09
346.364990234375,130.1629,2014-12-10
350.5060119628906,122.50330000000001,2014-12-11
352.5419921875,101.2579,2014-12-12
347.3760070800781,121.074,2014-12-13
351.6319885253906,119.05330000000001,2014-12-14
345.3450012207031,132.76,2014-12-15
327.06201171875,121.7347,2014-12-16
319.7760009765625,109.07820000000001,2014-12-17
311.39599609375,115.0856,2014-12-18
317.8429870605469,117.307,2014-12-19
329.95599365234375,109.268,2014-12-20
320.8429870605469,107.537,2014-12-21
331.885986328125,110.979,2014-12-22
334.5719909667969,109.84620000000001,2014-12-23
322.53399658203125,109.2578,2014-12-24
319.00799560546875,130.40120000000002,2014-12-25
327.92401123046875,139.1938,2014-12-26
315.8630065917969,149.8907,2014-12-27
317.239013671875,106.7859,2014-12-28
312.6700134277344,110.5635,2014-12-29
310.73699951171875,88.2155,2014-12-30
320.1929931640625,102.8241,2014-12-31
314.2489929199219,84.51570000000001,2015-01-01
315.0320129394531,115.4208,2015-01-02
281.0820007324219,99.4131,2015-01-03
264.19500732421875,113.9221,2015-01-04
274.4739990234375,118.54480000000001,2015-01-05
286.1889953613281,112.54350000000001,2015-01-06
294.3370056152344,122.9524,2015-01-07
283.3489990234375,99.2688,2015-01-08
290.4079895019531,95.2564,2015-01-09
274.7959899902344,66.34570000000001,2015-01-10
265.6600036621094,87.3484,2015-01-11
267.7959899902344,61.3136,2015-01-12
225.86099243164062,73.0412,2015-01-13
178.10299682617188,61.993900000000004,2015-01-14
209.843994140625,70.7673,2015-01-15
208.0970001220703,67.0826,2015-01-16
199.25999450683594,76.6538,2015-01-17
210.33900451660156,65.1491,2015-01-18
214.86099243164062,60.2909,2015-01-19
211.31500244140625,62.9654,2015-01-20
226.89700317382812,55.5822,2015-01-21
233.406005859375,60.6931,2015-01-22
232.87899780273438,55.760200000000005,2015-01-23
247.8470001220703,65.3043,2015-01-24
253.71800231933594,63.128,2015-01-25
273.4729919433594,72.7457,2015-01-26
263.4750061035156,73.2913,2015-01-27
233.9149932861328,59.1361,2015-01-28
233.51300048828125,71.7275,2015-01-29
226.4250030517578,54.9465,2015-01-30
217.46400451660156,49.578700000000005,2015-01-31
226.9720001220703,83.168,2015-02-01
238.22900390625,64.9242,2015-02-02
227.26800537109375,78.292,2015-02-03
226.85299682617188,71.6243,2015-02-04
217.11099243164062,64.4709,2015-02-05
222.26600646972656,55.6373,2015-02-06
227.75399780273438,33.1366,2015-02-07
223.41200256347656,42.774300000000004,2015-02-08
220.11000061035156,54.8691,2015-02-09
219.83900451660156,102.2536,2015-02-10
219.18499755859375,73.5139,2015-02-11
221.76400756835938,53.9945,2015-02-12
235.427001953125,51.0364,2015-02-13
257.3210144042969,62.4623,2015-02-14
234.8249969482422,76.861,2015-02-15
233.84300231933594,94.7428,2015-02-16
243.61000061035156,61.557300000000005,2015-02-17
236.3260040283203,61.5307,2015-02-18
240.2830047607422,59.1931,2015-02-19
243.7790069580078,43.4397,2015-02-20
244.53399658203125,55.5322,2015-02-21
235.9770050048828,47.296400000000006,2015-02-22
238.89199829101562,26.912200000000002,2015-02-23
238.73500061035156,66.0832,2015-02-24
237.47000122070312,56.2757,2015-02-25
236.42599487304688,51.5895,2015-02-26
253.8280029296875,49.4816,2015-02-27
254.26300048828125,38.8025,2015-02-28
260.2019958496094,40.184400000000004,2015-03-01
275.6700134277344,54.7297,2015-03-02
281.7019958496094,68.8993,2015-03-03
273.0920104980469,81.01350000000001,2015-03-04
276.1780090332031,65.7754,2015-03-05
272.7229919433594,77.5767,2015-03-06
276.260986328125,80.2775,2015-03-07
274.35400390625,119.43610000000001,2015-03-08
289.60699462890625,92.4323,2015-03-09
291.760009765625,60.5219,2015-03-10
296.3789978027344,61.679500000000004,2015-03-11
294.35400390625,77.2972,2015-03-12
285.3370056152344,85.0493,2015-03-13
281.885009765625,67.6712,2015-03-14
286.39300537109375,71.4764,2015-03-15
290.5929870605469,48.5152,2015-03-16
285.5050048828125,45.8176,2015-03-17
256.29901123046875,55.9206,2015-03-18
260.9280090332031,58.9403,2015-03-19
261.7489929199219,54.637100000000004,2015-03-20
260.0249938964844,59.9521,2015-03-21
267.9599914550781,72.9704,2015-03-22
266.739990234375,61.8986,2015-03-23
245.59500122070312,56.307900000000004,2015-03-24
246.19700622558594,65.5818,2015-03-25
248.53199768066406,104.8525,2015-03-26
247.0290069580078,105.3981,2015-03-27
252.79800415039062,121.18050000000001,2015-03-28
242.71299743652344,105.5181,2015-03-29
247.5260009765625,108.4097,2015-03-30
244.2239990234375,106.05850000000001,2015-03-31
247.27200317382812,118.97330000000001,2015-04-01
253.0050048828125,114.80040000000001,2015-04-02
254.32200622558594,107.7095,2015-04-03
253.69700622558594,121.6692,2015-04-04
260.5979919433594,118.4384,2015-04-05
255.49200439453125,115.79350000000001,2015-04-06
253.17999267578125,95.5496,2015-04-07
245.02200317382812,59.8875,2015-04-08
243.67599487304688,35.864200000000004,2015-04-09
236.07200622558594,47.3425,2015-04-10
236.552001953125,50.3192,2015-04-11
236.1529998779297,52.0784,2015-04-12
224.58700561523438,51.909,2015-04-13
219.15899658203125,66.1555,2015-04-14
223.83299255371094,90.3829,2015-04-15
228.572998046875,109.61460000000001,2015-04-16
222.8820037841797,95.8841,2015-04-17
223.3560028076172,103.71260000000001,2015-04-18
222.60000610351562,105.0292,2015-04-19
224.62600708007812,109.9772,2015-04-20
235.2689971923828,115.86630000000001,2015-04-21
234.17599487304688,117.97590000000001,2015-04-22
236.46200561523438,109.0273,2015-04-23
231.26800537109375,111.16000000000001,2015-04-24
226.38999938964844,101.1661,2015-04-25
219.42999267578125,81.4619,2015-04-26
229.28599548339844,82.0056,2015-04-27
225.85499572753906,101.8048,2015-04-28
225.80799865722656,85.81020000000001,2015-04-29
236.14500427246094,95.0592,2015-04-30
232.07899475097656,104.0027,2015-05-01
234.92999267578125,111.97590000000001,2015-05-02
240.35800170898438,91.3354,2015-05-03
239.01800537109375,109.607,2015-05-04
236.12100219726562,89.0681,2015-05-05
229.78199768066406,95.9083,2015-05-06
237.33399963378906,78.6302,2015-05-07
243.86300659179688,78.0224,2015-05-08
241.83200073242188,86.6193,2015-05-09
240.29600524902344,106.0561,2015-05-10
242.1580047607422,101.7933,2015-05-11
241.11199951171875,103.0048,2015-05-12
236.3769989013672,59.5799,2015-05-13
236.9290008544922,20.154,2015-05-14
237.60499572753906,27.4541,2015-05-15
236.1529998779297,65.1896,2015-05-16
236.802001953125,60.211000000000006,2015-05-17
233.1280059814453,55.225500000000004,2015-05-18
231.94700622558594,55.920500000000004,2015-05-19
234.01800537109375,26.1091,2015-05-20
235.343994140625,44.0512,2015-05-21
240.34800720214844,85.6557,2015-05-22
238.8719940185547,95.98310000000001,2015-05-23
240.9530029296875,107.4715,2015-05-24
237.11000061035156,110.9487,2015-05-25
237.11599731445312,73.7213,2015-05-26
237.2830047607422,65.3794,2015-05-27
237.4080047607422,69.8141,2015-05-28
237.0959930419922,36.804700000000004,2015-05-29
233.34500122070312,69.3861,2015-05-30
230.19000244140625,76.4735,2015-05-31
222.92599487304688,69.2054,2015-06-01
225.80299377441406,49.4883,2015-06-02
225.87399291992188,57.1973,2015-06-03
224.32400512695312,47.4349,2015-06-04
224.95199584960938,59.3464,2015-06-05
225.61900329589844,58.7802,2015-06-06
222.88099670410156,46.2046,2015-06-07
228.48899841308594,49.4664,2015-06-08
229.04800415039062,31.5139,2015-06-09
228.80299377441406,50.348600000000005,2015-06-10
229.7050018310547,30.5209,2015-06-11
229.98199462890625,39.0887,2015-06-12
232.40199279785156,27.909100000000002,2015-06-13
233.54299926757812,45.8388,2015-06-14
236.822998046875,55.833400000000005,2015-06-15
250.89500427246094,45.1511,2015-06-16
249.28399658203125,51.2265,2015-06-17
249.0070037841797,94.4955,2015-06-18
244.6060028076172,50.5612,2015-06-19
245.21200561523438,43.972300000000004,2015-06-20
243.94400024414062,36.7322,2015-06-21
246.99000549316406,68.8048,2015-06-22
244.29600524902344,27.9769,2015-06-23
240.51499938964844,41.5646,2015-06-24
242.7989959716797,54.7109,2015-06-25
243.593994140625,29.782200000000003,2015-06-26
250.99000549316406,17.1281,2015-06-27
249.01100158691406,71.77340000000001,2015-06-28
257.0639953613281,50.0599,2015-06-29
263.0719909667969,50.9568,2015-06-30
258.6210021972656,33.9351,2015-07-01
255.41200256347656,48.3802,2015-07-02
256.33599853515625,50.420500000000004,2015-07-03
260.885986328125,47.03,2015-07-04
271.9129943847656,47.8997,2015-07-05
269.0299987792969,47.868300000000005,2015-07-06
266.2070007324219,41.9056,2015-07-07
270.7850036621094,45.3528,2015-07-08
269.2279968261719,48.9149,2015-07-09
284.8940124511719,47.309000000000005,2015-07-10
293.114990234375,49.209700000000005,2015-07-11
310.86700439453125,56.4001,2015-07-12
292.0539855957031,30.2297,2015-07-13
287.4639892578125,38.5687,2015-07-14
285.8290100097656,37.7202,2015-07-15
278.0889892578125,42.5952,2015-07-16
279.47198486328125,49.0499,2015-07-17
274.9010009765625,49.111200000000004,2015-07-18
273.614013671875,19.4082,2015-07-19
278.9809875488281,18.2774,2015-07-20
275.8330078125,39.920300000000005,2015-07-21
277.22198486328125,63.393100000000004,2015-07-22
276.04901123046875,102.28620000000001,2015-07-23
288.27801513671875,44.188700000000004,2015-07-24
288.6969909667969,38.9869,2015-07-25
292.6860046386719,58.901900000000005,2015-07-26
293.6239929199219,35.193000000000005,2015-07-27
294.427001953125,63.168600000000005,2015-07-28
289.5899963378906,26.271,2015-07-29
287.72198486328125,42.258,2015-07-30
284.6499938964844,35.2597,2015-07-31
281.60101318359375,59.3096,2015-08-01
282.614013671875,38.6715,2015-08-02
281.22698974609375,54.0367,2015-08-03
285.2179870605469,34.875,2015-08-04
281.8819885253906,49.5841,2015-08-05
278.5769958496094,47.6532,2015-08-06
279.5849914550781,45.369,2015-08-07
260.99700927734375,34.7885,2015-08-08
265.0830078125,67.2477,2015-08-09
264.4700012207031,36.2637,2015-08-10
270.385986328125,39.2765,2015-08-11
266.3760070800781,63.6548,2015-08-12
264.0799865722656,45.1411,2015-08-13
265.67999267578125,50.3644,2015-08-14
261.5509948730469,45.2449,2015-08-15
258.5069885253906,47.7699,2015-08-16
257.97601318359375,30.1275,2015-08-17
211.07899475097656,11.208300000000001,2015-08-18
226.6840057373047,16.692800000000002,2015-08-19
235.35000610351562,11.0215,2015-08-20
232.56900024414062,16.6528,2015-08-21
230.38999938964844,8.762500000000001,2015-08-22
228.16900634765625,8.2977,2015-08-23
210.4949951171875,8.739600000000001,2015-08-24
221.60899353027344,14.135900000000001,2015-08-25
225.83099365234375,13.931000000000001,2015-08-26
224.7689971923828,18.6365,2015-08-27
231.39599609375,7.064700000000001,2015-08-28
229.77999877929688,14.708400000000001,2015-08-29
228.76100158691406,3.5291000000000006,2015-08-30
230.05599975585938,8.0068,2015-08-31
228.12100219726562,-9.9156,2015-09-01
229.28399658203125,68.0156,2015-09-02
227.18299865722656,8.2553,2015-09-03
230.29800415039062,4.6793000000000005,2015-09-04
235.0189971923828,67.8026,2015-09-05
239.83999633789062,43.0262,2015-09-06
239.8470001220703,20.7645,2015-09-07
243.60699462890625,-1.0436999999999999,2015-09-08
238.16799926757812,2.7734000000000005,2015-09-09
238.4770050048828,7.793900000000001,2015-09-10
240.10699462890625,11.332500000000001,2015-09-11
235.22900390625,13.6896,2015-09-12
230.51199340820312,16.936600000000002,2015-09-13
230.6439971923828,7.515300000000001,2015-09-14
230.3040008544922,11.570500000000001,2015-09-15
229.09100341796875,6.876,2015-09-16
229.80999755859375,11.026,2015-09-17
232.97500610351562,13.9976,2015-09-18
231.4929962158203,75.1455,2015-09-19
231.21200561523438,76.3908,2015-09-20
227.0850067138672,7.9679,2015-09-21
230.6179962158203,12.3226,2015-09-22
230.2830047607422,81.1234,2015-09-23
234.5290069580078,8.5275,2015-09-24
235.1439971923828,9.1689,2015-09-25
234.33999633789062,8.9952,2015-09-26
232.7570037841797,10.807500000000001,2015-09-27
239.14199829101562,5.7362,2015-09-28
236.68699645996094,12.3422,2015-09-29
236.05999755859375,14.877600000000001,2015-09-30
237.5489959716797,21.061700000000002,2015-10-01
237.29299926757812,10.8499,2015-10-02
238.72999572753906,81.8405,2015-10-03
238.25900268554688,14.979000000000001,2015-10-04
240.38299560546875,17.9045,2015-10-05
246.06300354003906,82.1105,2015-10-06
242.968994140625,11.076600000000001,2015-10-07
242.3040008544922,7.800800000000001,2015-10-08
243.93099975585938,22.1426,2015-10-09
244.9409942626953,9.7589,2015-10-10
247.0500030517578,8.9123,2015-10-11
245.30799865722656,12.164100000000001,2015-10-12
249.50799560546875,6.689,2015-10-13
251.98899841308594,11.8816,2015-10-14
254.32000732421875,8.2903,2015-10-15
262.8689880371094,9.6163,2015-10-16
270.6400146484375,7.872100000000001,2015-10-17
261.64300537109375,5.2072,2015-10-18
263.43701171875,4.4957,2015-10-19
269.4630126953125,2.8799,2015-10-20
266.2720031738281,-5.3908,2015-10-21
274.02301025390625,-3.5617999999999994,2015-10-22
276.4960021972656,4.661100000000001,2015-10-23
281.65399169921875,-2.2008999999999994,2015-10-24
283.67999267578125,4.862100000000001,2015-10-25
285.29998779296875,4.492600000000001,2015-10-26
293.7879943847656,-5.821599999999999,2015-10-27
304.6180114746094,-3.317299999999998,2015-10-28
313.8550109863281,13.873400000000002,2015-10-29
328.0150146484375,3.703000000000002,2015-10-30
314.1659851074219,4.959200000000001,2015-10-31
325.4309997558594,5.604300000000001,2015-11-01
361.1889953613281,11.034100000000002,2015-11-02
403.4169921875,18.625400000000003,2015-11-03
411.56298828125,24.159000000000002,2015-11-04
386.35400390625,71.28370000000001,2015-11-05
374.4700012207031,49.575300000000006,2015-11-06
386.48199462890625,45.856,2015-11-07
373.3680114746094,54.891000000000005,2015-11-08
380.2569885253906,40.188900000000004,2015-11-09
336.8190002441406,34.717800000000004,2015-11-10
311.0840148925781,61.832,2015-11-11
338.1520080566406,51.9544,2015-11-12
336.75299072265625,45.325500000000005,2015-11-13
332.906005859375,39.5189,2015-11-14
320.1659851074219,24.5482,2015-11-15
330.7510070800781,32.233900000000006,2015-11-16
335.093994140625,34.0358,2015-11-17
334.5899963378906,42.2404,2015-11-18
326.14898681640625,33.2918,2015-11-19
322.0220031738281,54.3001,2015-11-20
326.927001953125,55.731300000000005,2015-11-21
324.5360107421875,47.339400000000005,2015-11-22
323.0459899902344,32.3799,2015-11-23
320.0459899902344,46.168800000000005,2015-11-24
328.20599365234375,103.61630000000001,2015-11-25
352.6839904785156,29.7341,2015-11-26
358.0419921875,40.7381,2015-11-27
357.3810119628906,45.6022,2015-11-28
371.29400634765625,40.2896,2015-11-29
377.3210144042969,54.884100000000004,2015-11-30
362.4880065917969,44.1105,2015-12-01
359.18701171875,35.7423,2015-12-02
361.0459899902344,61.6512,2015-12-03
363.1830139160156,39.334900000000005,2015-12-04
388.9490051269531,68.39280000000001,2015-12-05
388.7829895019531,170.9045,2015-12-06
395.5360107421875,29.9663,2015-12-07
415.56298828125,127.62440000000001,2015-12-08
417.56298828125,78.84,2015-12-09
415.47900390625,71.7272,2015-12-10
451.93798828125,66.3599,2015-12-11
434.99700927734375,54.207100000000004,2015-12-12
433.7550048828125,154.0917,2015-12-13
444.1820068359375,80.1914,2015-12-14
465.3210144042969,89.8871,2015-12-15
454.9339904785156,65.80290000000001,2015-12-16
456.0780029296875,139.65,2015-12-17
463.6159973144531,84.52340000000001,2015-12-18
462.3219909667969,74.1987,2015-12-19
442.68499755859375,94.1615,2015-12-20
438.6390075683594,88.39020000000001,2015-12-21
436.5719909667969,86.7041,2015-12-22
442.4010009765625,147.49190000000002,2015-12-23
454.9849853515625,106.8882,2015-12-24
455.65301513671875,92.60130000000001,2015-12-25
417.27398681640625,174.2628,2015-12-26
422.822998046875,110.0827,2015-12-27
422.27899169921875,104.7629,2015-12-28
432.9830017089844,178.8933,2015-12-29
426.6199951171875,94.2349,2015-12-30
430.5669860839844,72.5879,2015-12-31
434.3340148925781,98.8079,2016-01-01
433.43798828125,108.2287,2016-01-02
430.010986328125,91.0554,2016-01-03
433.09100341796875,83.529,2016-01-04
431.9599914550781,66.9036,2016-01-05
429.1050109863281,95.5121,2016-01-06
458.0480041503906,119.62530000000001,2016-01-07
453.2300109863281,93.2205,2016-01-08
447.6109924316406,102.7823,2016-01-09
447.9909973144531,116.07860000000001,2016-01-10
448.4280090332031,84.3043,2016-01-11
435.69000244140625,70.8155,2016-01-12
432.3710021972656,80.28450000000001,2016-01-13
430.3059997558594,75.5257,2016-01-14
364.33099365234375,91.4277,2016-01-15
387.5360107421875,51.5294,2016-01-16
382.29901123046875,95.37660000000001,2016-01-17
387.1679992675781,80.1682,2016-01-18
380.14898681640625,67.0948,2016-01-19
420.2300109863281,71.6033,2016-01-20
410.2619934082031,88.9002,2016-01-21
382.49200439453125,65.5226,2016-01-22
387.4909973144531,71.1187,2016-01-23
402.97100830078125,82.61,2016-01-24
391.72601318359375,91.3668,2016-01-25
392.15301513671875,84.9859,2016-01-26
394.97198486328125,60.3676,2016-01-27
380.28900146484375,20.714200000000005,2016-01-28
379.4739990234375,32.635600000000004,2016-01-29
378.2550048828125,34.135200000000005,2016-01-30
368.7669982910156,42.010600000000004,2016-01-31
373.0559997558594,32.9266,2016-02-01
374.447998046875,27.854200000000002,2016-02-02
369.9490051269531,11.579500000000003,2016-02-03
389.593994140625,20.913300000000003,2016-02-04
386.54901123046875,83.87830000000001,2016-02-05
376.5220031738281,-14.794099999999998,2016-02-06
376.6199951171875,-16.8832,2016-02-07
373.4469909667969,-22.878099999999996,2016-02-08
376.02899169921875,-20.708599999999997,2016-02-09
381.64898681640625,11.650400000000003,2016-02-10
379.65399169921875,-7.6134999999999975,2016-02-11
384.26300048828125,-11.932499999999997,2016-02-12
391.8599853515625,71.5712,2016-02-13
407.2300109863281,50.0307,2016-02-14
400.18499755859375,58.392700000000005,2016-02-15
407.4880065917969,65.6149,2016-02-16
416.3219909667969,51.91330000000001,2016-02-17
422.37298583984375,63.7404,2016-02-18
420.7850036621094,66.6776,2016-02-19
437.16400146484375,71.63170000000001,2016-02-20
438.7980041503906,46.563900000000004,2016-02-21
437.74798583984375,65.48740000000001,2016-02-22
420.7359924316406,60.322500000000005,2016-02-23
424.9549865722656,49.793800000000005,2016-02-24
424.54400634765625,51.9665,2016-02-25
432.1520080566406,597.8571000000001,2016-02-26
432.5190124511719,4591.3412,2016-02-27
433.5039978027344,4675.6122000000005,2016-02-28
437.6969909667969,68.1596,2016-02-29
435.12298583984375,62.1208,2016-03-01
423.989013671875,76.28410000000001,2016-03-02
421.6510009765625,89.9936,2016-03-03
410.9389953613281,45.4025,2016-03-04
400.57000732421875,61.5112,2016-03-05
407.7070007324219,27.4779,2016-03-06
414.3210144042969,76.84360000000001,2016-03-07
413.97198486328125,59.596900000000005,2016-03-08
414.8599853515625,57.7106,2016-03-09
417.1310119628906,77.5548,2016-03-10
421.69000244140625,69.3587,2016-03-11
411.6239929199219,82.87270000000001,2016-03-12
414.06500244140625,72.1906,2016-03-13
416.43798828125,69.4183,2016-03-14
416.8299865722656,63.941700000000004,2016-03-15
417.010986328125,37.717200000000005,2016-03-16
420.6210021972656,17.6858,2016-03-17
409.5480041503906,19.346300000000003,2016-03-18
410.4440002441406,23.846500000000002,2016-03-19
413.7550048828125,-6.8279999999999985,2016-03-20
413.3070068359375,-7.070899999999999,2016-03-21
418.0889892578125,23.8179,2016-03-22
418.0409851074219,35.061,2016-03-23
416.3940124511719,48.854600000000005,2016-03-24
417.177001953125,19.054600000000004,2016-03-25
417.94500732421875,23.983500000000003,2016-03-26
426.7650146484375,57.0987,2016-03-27
424.2309875488281,93.0557,2016-03-28
416.5159912109375,60.753600000000006,2016-03-29
414.8160095214844,62.659600000000005,2016-03-30
416.72900390625,62.319700000000005,2016-03-31
417.9599914550781,61.6099,2016-04-01
420.87298583984375,25.240800000000004,2016-04-02
420.90399169921875,54.5026,2016-04-03
421.4440002441406,33.9632,2016-04-04
424.0299987792969,58.5446,2016-04-05
423.4129943847656,70.1061,2016-04-06
422.7449951171875,64.8156,2016-04-07
420.3489990234375,46.9482,2016-04-08
419.4110107421875,5.840500000000002,2016-04-09
421.5639953613281,35.4018,2016-04-10
422.4830017089844,45.209300000000006,2016-04-11
425.19000244140625,26.761000000000003,2016-04-12
423.7340087890625,53.728100000000005,2016-04-13
424.2820129394531,34.1557,2016-04-14
429.7130126953125,52.1557,2016-04-15
430.5719909667969,48.5144,2016-04-16
427.39898681640625,58.752700000000004,2016-04-17
428.59100341796875,46.0085,2016-04-18
435.5090026855469,56.8562,2016-04-19
441.3890075683594,31.094,2016-04-20
449.42498779296875,51.7899,2016-04-21
445.73699951171875,43.1986,2016-04-22
450.2820129394531,29.2791,2016-04-23
458.55499267578125,28.1304,2016-04-24
461.4259948730469,37.6049,2016-04-25
466.0889892578125,56.0158,2016-04-26
444.68701171875,422.7928,2016-04-27
449.010986328125,54.594500000000004,2016-04-28
455.09698486328125,58.6094,2016-04-29
448.3179931640625,63.7521,2016-04-30
451.875,48.8795,2016-05-01
444.66900634765625,55.9418,2016-05-02
450.3039855957031,56.8952,2016-05-03
446.72198486328125,53.5525,2016-05-04
447.97601318359375,55.5392,2016-05-05
459.6029968261719,61.097300000000004,2016-05-06
458.5360107421875,67.76650000000001,2016-05-07
458.5480041503906,37.7627,2016-05-08
460.4830017089844,48.9169,2016-05-09
450.8949890136719,65.7637,2016-05-10
452.7279968261719,67.1679,2016-05-11
454.7659912109375,59.4482,2016-05-12
455.6700134277344,72.8595,2016-05-13
455.6709899902344,64.8441,2016-05-14
457.5679931640625,58.822900000000004,2016-05-15
454.1629943847656,56.0433,2016-05-16
453.7829895019531,58.4219,2016-05-17
454.6189880371094,45.5944,2016-05-18
438.7149963378906,69.4421,2016-05-19
442.6759948730469,71.9545,2016-05-20
443.18798828125,67.7943,2016-05-21
439.322998046875,58.373000000000005,2016-05-22
444.1549987792969,37.5542,2016-05-23
445.9809875488281,48.5075,2016-05-24
449.5989990234375,39.106,2016-05-25
453.3840026855469,-6.6779,2016-05-26
473.4639892578125,-11.094700000000001,2016-05-27
530.0399780273438,-21.9964,2016-05-28
526.2329711914062,-30.2329,2016-05-29
533.864013671875,-22.8121,2016-05-30
531.385986328125,-23.3568,2016-05-31
536.9199829101562,-14.3962,2016-06-01
537.9719848632812,-9.568900000000001,2016-06-02
569.1939697265625,-10.8763,2016-06-03
572.7269897460938,-13.3979,2016-06-04
574.9769897460938,-13.6218,2016-06-05
585.5369873046875,-13.4918,2016-06-06
576.5969848632812,-13.404300000000001,2016-06-07
581.64501953125,-26.3674,2016-06-08
574.6300048828125,-21.92,2016-06-09
577.469970703125,-21.788,2016-06-10
606.7269897460938,-12.1422,2016-06-11
672.7839965820312,-12.2034,2016-06-12
704.3759765625,-2.4694000000000007,2016-06-13
685.5590209960938,-27.9468,2016-06-14
694.468994140625,-19.1473,2016-06-15
766.3079833984375,-12.2926,2016-06-16
748.9089965820312,-6.562200000000001,2016-06-17
756.2269897460938,-14.8603,2016-06-18
763.781005859375,-13.089300000000001,2016-06-19
737.2260131835938,-22.5035,2016-06-20
666.6519775390625,-17.3327,2016-06-21
596.1160278320312,-19.709500000000002,2016-06-22
623.9769897460938,-10.9518,2016-06-23
665.2990112304688,-11.4907,2016-06-24
665.1229858398438,301.77909999999997,2016-06-25
629.3670043945312,-7.1772,2016-06-26
655.2750244140625,-18.581400000000002,2016-06-27
647.0009765625,-21.2763,2016-06-28
639.8900146484375,-11.845600000000001,2016-06-29
673.3369750976562,-4.7697,2016-06-30
676.2960205078125,-5.6165,2016-07-01
703.7020263671875,-6.0928,2016-07-02
658.6640014648438,-6.0411,2016-07-03
683.6619873046875,-4.7556,2016-07-04
670.6270141601562,-10.264100000000001,2016-07-05
677.3309936523438,-7.3097,2016-07-06
640.56201171875,2.6026999999999996,2016-07-07
666.5230102539062,-7.918500000000001,2016-07-08
650.9600219726562,-13.8033,2016-07-09
649.3599853515625,-7.0856,2016-07-10
647.6589965820312,-12.404900000000001,2016-07-11
664.551025390625,-7.6572000000000005,2016-07-12
654.468017578125,-10.0426,2016-07-13
658.0780029296875,-11.3757,2016-07-14
663.2550048828125,-12.2256,2016-07-15
660.7670288085938,-14.596400000000001,2016-07-16
679.458984375,-4.1614,2016-07-17
673.1060180664062,-6.849400000000001,2016-07-18
672.864013671875,-9.5746,2016-07-19
665.6849975585938,-12.5945,2016-07-20
665.0120239257812,-7.7652,2016-07-21
650.6190185546875,3.0639999999999996,2016-07-22
655.5560302734375,-0.6323000000000002,2016-07-23
661.2849731445312,14.0582,2016-07-24
654.0969848632812,-4.0987,2016-07-25
651.7839965820312,-4.4157,2016-07-26
654.3519897460938,1.047,2016-07-27
655.0349731445312,-0.38880000000000015,2016-07-28
656.9920043945312,-7.7681000000000004,2016-07-29
655.0469970703125,-6.4009,2016-07-30
624.6810302734375,-9.4708,2016-07-31
606.27197265625,-11.101,2016-08-01
547.4650268554688,0.19599999999999984,2016-08-02
566.35498046875,-3.0963000000000007,2016-08-03
578.2890014648438,-9.0549,2016-08-04
575.0430297851562,-2.6141000000000005,2016-08-05
587.7780151367188,-6.4229,2016-08-06
592.6900024414062,-7.6466,2016-08-07
591.0540161132812,-11.945500000000001,2016-08-08
587.801025390625,-5.5631,2016-08-09
592.10302734375,1.1493,2016-08-10
589.1199951171875,-7.729900000000001,2016-08-11
587.5590209960938,5.8238,2016-08-12
585.5880126953125,-0.7674000000000004,2016-08-13
570.4730224609375,8.8349,2016-08-14
567.239990234375,-11.9703,2016-08-15
577.4390258789062,-3.7809000000000004,2016-08-16
573.2160034179688,-10.0357,2016-08-17
574.3179931640625,-16.611,2016-08-18
575.6300048828125,-9.473600000000001,2016-08-19
581.697021484375,-11.4305,2016-08-20
581.3079833984375,-11.971200000000001,2016-08-21
586.7529907226562,0.8399999999999999,2016-08-22
583.4149780273438,205.98760000000001,2016-08-23
580.1820068359375,-1.8769000000000005,2016-08-24
577.760986328125,-4.8775,2016-08-25
579.6510009765625,-9.3043,2016-08-26
569.947021484375,-1.9347,2016-08-27
573.9119873046875,-14.356200000000001,2016-08-28
574.1069946289062,-6.0393,2016-08-29
577.5029907226562,3.1585,2016-08-30
575.4719848632812,3.5617,2016-08-31
572.302978515625,5.7081,2016-09-01
575.5369873046875,4.0242,2016-09-02
598.2119750976562,2.9276,2016-09-03
608.6339721679688,3.6978,2016-09-04
606.5900268554688,22.9186,2016-09-05
610.4359741210938,28.9996,2016-09-06
614.5440063476562,25.2284,2016-09-07
626.3159790039062,9.0746,2016-09-08
622.8610229492188,3.9052000000000002,2016-09-09
623.5089721679688,3.5287,2016-09-10
606.718994140625,2.4325,2016-09-11
608.2429809570312,7.6290000000000004,2016-09-12
609.2410278320312,6.4287,2016-09-13
610.6840209960938,2.9408,2016-09-14
607.155029296875,2.4064,2016-09-15
606.9730224609375,4.0858,2016-09-16
605.9840087890625,2.9787,2016-09-17
609.8740234375,3.0739,2016-09-18
609.2269897460938,3.3694,2016-09-19
608.31201171875,10.091700000000001,2016-09-20
597.1489868164062,8.0434,2016-09-21
596.2979736328125,17.3884,2016-09-22
602.8419799804688,5.1389,2016-09-23
602.625,14.1722,2016-09-24
600.8259887695312,2.1666,2016-09-25
608.0430297851562,0.5953,2016-09-26
606.166015625,4.2726,2016-09-27
604.72802734375,-0.7788999999999997,2016-09-28
605.6929931640625,12.646,2016-09-29
609.7349853515625,14.7504,2016-09-30
613.9829711914062,2.0763,2016-10-01
610.8920288085938,-0.7663,2016-10-02
612.1329956054688,5.4959,2016-10-03
610.2039794921875,11.6591,2016-10-04
612.510986328125,2.6689,2016-10-05
613.02099609375,1.2367,2016-10-06
617.1209716796875,1.5978,2016-10-07
619.1079711914062,11.9437,2016-10-08
616.7520141601562,0.47769999999999996,2016-10-09
618.9940185546875,5.277,2016-10-10
641.072021484375,4.3533,2016-10-11
636.1920166015625,2.6078,2016-10-12
636.7860107421875,-0.5828,2016-10-13
640.3779907226562,-1.8486,2016-10-14
638.64599609375,-0.6266,2016-10-15
641.6309814453125,9.3939,2016-10-16
639.1929931640625,3.4723,2016-10-17
637.9600219726562,1.976,2016-10-18
630.52001953125,1.5230000000000001,2016-10-19
630.8569946289062,8.997,2016-10-20
632.8280029296875,187.0686,2016-10-21
657.2940063476562,6.538200000000001,2016-10-22
657.0709838867188,-2.3785,2016-10-23
653.760986328125,-4.6593,2016-10-24
657.5880126953125,1.4033000000000002,2016-10-25
678.3040161132812,3.5142,2016-10-26
688.31298828125,11.0731,2016-10-27
689.6510009765625,7.5375,2016-10-28
714.47900390625,2.1402,2016-10-29
701.864013671875,5.6317,2016-10-30
700.9719848632812,6.1107,2016-10-31
729.7930297851562,-0.7967,2016-11-01
740.8289794921875,0.5988,2016-11-02
688.7000122070312,10.4887,2016-11-03
703.2349853515625,15.7445,2016-11-04
703.4180297851562,1.101,2016-11-05
711.52197265625,2.9985999999999997,2016-11-06
703.1309814453125,4.819100000000001,2016-11-07
709.8480224609375,15.6802,2016-11-08
723.2730102539062,4.992000000000001,2016-11-09
715.5339965820312,6.7167,2016-11-10
716.4110107421875,2.6611000000000002,2016-11-11
705.0540161132812,5.4221,2016-11-12
702.031005859375,-88.50059999999999,2016-11-13
705.02099609375,9.5357,2016-11-14
711.6190185546875,6.5507,2016-11-15
744.197998046875,7.5429,2016-11-16
740.9769897460938,3.2044,2016-11-17
751.5850219726562,10.5755,2016-11-18
751.6160278320312,10.662600000000001,2016-11-19
731.0260009765625,13.102300000000001,2016-11-20
739.2479858398438,5.0648,2016-11-21
751.3469848632812,8.1508,2016-11-22
744.593994140625,11.0146,2016-11-23
740.2890014648438,8.2854,2016-11-24
741.6489868164062,16.4893,2016-11-25
735.3820190429688,9.9646,2016-11-26
732.0349731445312,19.6476,2016-11-27
735.81298828125,17.6869,2016-11-28
735.60400390625,28.488400000000002,2016-11-29
745.6909790039062,7.887700000000001,2016-11-30
756.7739868164062,5.3001000000000005,2016-12-01
777.9439697265625,5.0421000000000005,2016-12-02
771.155029296875,5.7961,2016-12-03
773.8720092773438,2.1818,2016-12-04
758.7000122070312,8.0794,2016-12-05
764.2239990234375,2.2544000000000004,2016-12-06
768.1320190429688,4.3037,2016-12-07
770.8099975585938,1.8576000000000001,2016-12-08
772.7940063476562,8.8463,2016-12-09
774.6500244140625,9.577,2016-12-10
769.7310180664062,3.8534,2016-12-11
780.0869750976562,17.4814,2016-12-12
780.5560302734375,39.137,2016-12-13
781.4810180664062,47.353,2016-12-14
778.0880126953125,57.4846,2016-12-15
784.906982421875,27.290200000000002,2016-12-16
790.8289794921875,646.8129,2016-12-17
790.530029296875,1367.8287,2016-12-18
792.7139892578125,1726.9812,2016-12-19
800.8759765625,5.6693,2016-12-20
834.281005859375,12.5602,2016-12-21
864.5399780273438,1.1949,2016-12-22
921.9840087890625,6.605600000000001,2016-12-23
898.822021484375,2.8069,2016-12-24
896.1829833984375,-0.07659999999999995,2016-12-25
907.6099853515625,3.6715,2016-12-26
933.197998046875,7.0654,2016-12-27
975.9210205078125,-1.017,2016-12-28
973.4970092773438,5.7094,2016-12-29
961.2379760742188,5.0144,2016-12-30
963.7429809570312,2.496,2016-12-31
998.3250122070312,12.6759,2017-01-01
1021.75,7.0416,2017-01-02
1043.8399658203125,5.1188,2017-01-03
1154.72998046875,6.5581000000000005,2017-01-04
1013.3800048828125,3.0267,2017-01-05
902.2009887695312,5.858300000000001,2017-01-06
908.5850219726562,6.617500000000001,2017-01-07
911.198974609375,5.8497,2017-01-08
902.8280029296875,2.343,2017-01-09
907.6790161132812,4.4933000000000005,2017-01-10
777.7570190429688,1.3671000000000002,2017-01-11
804.833984375,4.692,2017-01-12
823.9840087890625,3.4859999999999998,2017-01-13
818.4119873046875,4.9353,2017-01-14
821.7979736328125,2.5085,2017-01-15
831.5339965820312,0.0029000000000000137,2017-01-16
907.93798828125,3.4046000000000003,2017-01-17
886.6179809570312,8.352500000000001,2017-01-18
899.072998046875,3.4130000000000003,2017-01-19
895.0260009765625,1.4899,2017-01-20
921.7890014648438,0.20070000000000016,2017-01-21
924.6729736328125,3.1258999999999997,2017-01-22
921.0120239257812,4.9431,2017-01-23
892.68701171875,6.325,2017-01-24
901.5419921875,11.6552,2017-01-25
917.5859985351562,2.9016,2017-01-26
919.75,3.3427,2017-01-27
921.5900268554688,2.8366000000000002,2017-01-28
919.4959716796875,26.090899999999998,2017-01-29
920.3820190429688,2.5314,2017-01-30
970.4030151367188,4.3672,2017-01-31
989.0230102539062,5.5633,2017-02-01
1011.7999877929688,3.4377000000000004,2017-02-02
1029.9100341796875,4.2069,2017-02-03
1042.9000244140625,3.1512000000000002,2017-02-04
1027.3399658203125,3.4833000000000003,2017-02-05
1038.1500244140625,2.9425,2017-02-06
1061.3499755859375,8.667000000000002,2017-02-07
1063.0699462890625,0.7870999999999998,2017-02-08
994.3829956054688,3.6060000000000003,2017-02-09
988.6740112304688,3.3716999999999997,2017-02-10
1004.4500122070312,1.8167,2017-02-11
999.1810302734375,0.576,2017-02-12
990.6420288085938,2.8918,2017-02-13
1004.5499877929688,0.2648999999999999,2017-02-14
1007.47998046875,3.5776,2017-02-15
1027.43994140625,2153.0634,2017-02-16
1046.2099609375,2002.958,2017-02-17
1054.4200439453125,6.4977,2017-02-18
1047.8699951171875,4.266,2017-02-19
1079.97998046875,6.7898000000000005,2017-02-20
1115.300048828125,6.4588,2017-02-21
1117.43994140625,4.6873000000000005,2017-02-22
1166.719970703125,6.9281999999999995,2017-02-23
1173.6800537109375,11.2751,2017-02-24
1143.8399658203125,8.3261,2017-02-25
1165.199951171875,5.1219,2017-02-26
1179.969970703125,10.286,2017-02-27
1179.969970703125,57.4435,2017-02-28
1222.5,11.0907,2017-03-01
1251.010009765625,7.8962,2017-03-02
1274.989990234375,4.0492,2017-03-03
1255.1500244140625,2.5244999999999997,2017-03-04
1267.1199951171875,15.0196,2017-03-05
1272.8299560546875,9.195400000000001,2017-03-06
1223.5400390625,11.125399999999999,2017-03-07
1150.0,17.7552,2017-03-08
1188.489990234375,6.8183,2017-03-09
1116.719970703125,11.4835,2017-03-10
1175.8299560546875,26.267,2017-03-11
1221.3800048828125,62.493500000000004,2017-03-12
1231.9200439453125,2.3407,2017-03-13
1240.0,13.7009,2017-03-14
1249.6099853515625,0.24970000000000023,2017-03-15
1187.81005859375,13.1158,2017-03-16
1100.22998046875,7.0508,2017-03-17
973.8179931640625,7.3515,2017-03-18
1036.739990234375,2.1929,2017-03-19
1054.22998046875,5.3393,2017-03-20
1120.5400390625,8.274700000000001,2017-03-21
1049.1400146484375,0.3619000000000001,2017-03-22
1038.5899658203125,3.0267999999999997,2017-03-23
937.52001953125,6.9325,2017-03-24
972.7789916992188,7.4793,2017-03-25
966.7249755859375,8.2377,2017-03-26
1045.77001953125,8.0568,2017-03-27
1047.1500244140625,6.5578,2017-03-28
1039.969970703125,9.4424,2017-03-29
1026.4300537109375,8.628400000000001,2017-03-30
1071.7900390625,2.6026,2017-03-31
1080.5,3.2737,2017-04-01
1102.1700439453125,3.7242,2017-04-02
1143.81005859375,4.2127,2017-04-03
1133.25,2.2856000000000005,2017-04-04
1124.780029296875,0.41400000000000003,2017-04-05
1182.6800537109375,10.5062,2017-04-06
1176.9000244140625,4.3409,2017-04-07
1175.949951171875,7.5962000000000005,2017-04-08
1187.8699951171875,25.4755,2017-04-09
1187.1300048828125,66.95830000000001,2017-04-10
1205.010009765625,46.8973,2017-04-11
1200.3699951171875,3.1774000000000004,2017-04-12
1169.280029296875,2.677,2017-04-13
1167.5400390625,2.5497000000000005,2017-04-14
1172.52001953125,3.3525000000000005,2017-04-15
1182.93994140625,6.3948,2017-04-16
1193.9100341796875,273.7715,2017-04-17
1211.6700439453125,6.2615,2017-04-18
1210.2900390625,7.2106,2017-04-19
1229.0799560546875,10.0054,2017-04-20
1222.050048828125,10.4838,2017-04-21
1231.7099609375,3.6482,2017-04-22
1207.2099609375,4.4541,2017-04-23
1250.1500244140625,4.0183,2017-04-24
1265.489990234375,9.6293,2017-04-25
1281.0799560546875,9.682,2017-04-26
1317.72998046875,20.3282,2017-04-27
1316.47998046875,9.9913,2017-04-28
1321.7900390625,5.0267,2017-04-29
1347.8900146484375,13.3088,2017-04-30
1421.5999755859375,21.2977,2017-05-01
1452.8199462890625,9.8627,2017-05-02
1490.0899658203125,9.75,2017-05-03
1537.6700439453125,25.0527,2017-05-04
1555.449951171875,7.7118,2017-05-05
1578.800048828125,7.7887,2017-05-06
1596.7099609375,7.1496,2017-05-07
1723.3499755859375,16.2472,2017-05-08
1755.3599853515625,18.267400000000002,2017-05-09
1787.1300048828125,3.7827,2017-05-10
1848.5699462890625,28.1845,2017-05-11
1724.239990234375,8.4726,2017-05-12
1804.9100341796875,23.3988,2017-05-13
1808.9100341796875,25.0079,2017-05-14
1738.4300537109375,6.8967,2017-05-15
1734.449951171875,15.8924,2017-05-16
1839.0899658203125,12.2581,2017-05-17
1888.6500244140625,16.299500000000002,2017-05-18
1987.7099609375,10.6363,2017-05-19
2084.72998046875,23.0317,2017-05-20
2041.199951171875,22.9634,2017-05-21
2173.39990234375,22.8295,2017-05-22
2320.419921875,24.2161,2017-05-23
2443.639892578125,22.340300000000003,2017-05-24
2304.97998046875,8.7325,2017-05-25
2202.419921875,19.1285,2017-05-26
2038.8699951171875,16.5849,2017-05-27
2155.800048828125,15.560300000000002,2017-05-28
2255.610107421875,18.106,2017-05-29
2175.469970703125,13.502600000000001,2017-05-30
2286.409912109375,17.4429,2017-05-31
2407.8798828125,16.250700000000002,2017-06-01
2488.550048828125,18.646900000000002,2017-06-02
2515.35009765625,9.0633,2017-06-03
2511.81005859375,7.6152,2017-06-04
2686.81005859375,4.6392,2017-06-05
2863.199951171875,12.5478,2017-06-06
2732.159912109375,56.3727,2017-06-07
2805.6201171875,15.0037,2017-06-08
2823.81005859375,4.2827,2017-06-09
2947.7099609375,2.2843,2017-06-10
2958.110107421875,14.1517,2017-06-11
2659.6298828125,-6.5957,2017-06-12
2717.02001953125,-20.977899999999998,2017-06-13
2506.3701171875,301.865,2017-06-14
2464.580078125,2081.4704,2017-06-15
2518.56005859375,2.6433000000000004,2017-06-16
2655.8798828125,25.836199999999998,2017-06-17
2548.2900390625,-16.4393,2017-06-18
2589.60009765625,-12.5378,2017-06-19
2721.7900390625,-10.8903,2017-06-20
2689.10009765625,-4.4028,2017-06-21
2705.409912109375,-3.0050999999999997,2017-06-22
2744.909912109375,-23.4031,2017-06-23
2608.719970703125,-18.062,2017-06-24
2589.409912109375,-8.93,2017-06-25
2478.449951171875,-12.9396,2017-06-26
2552.449951171875,-3.5449,2017-06-27
2574.7900390625,30.154,2017-06-28
2539.320068359375,4.5455000000000005,2017-06-29
2480.840087890625,-6.7493,2017-06-30
2434.550048828125,-5.949999999999999,2017-07-01
2506.469970703125,-11.6426,2017-07-02
2564.06005859375,-5.9155,2017-07-03
2601.639892578125,-0.13710000000000022,2017-07-04
2601.989990234375,-10.5921,2017-07-05
2608.56005859375,-0.9018,2017-07-06
2518.659912109375,-7.1315,2017-07-07
2571.340087890625,-7.4059,2017-07-08
2518.43994140625,-5.2203,2017-07-09
2372.56005859375,-3.1842,2017-07-10
2337.7900390625,-10.7534,2017-07-11
2398.840087890625,-10.8154,2017-07-12
2357.89990234375,0.022800000000000153,2017-07-13
2233.340087890625,-1.4573000000000003,2017-07-14
1998.8599853515625,-8.0427,2017-07-15
1929.8199462890625,-7.1384,2017-07-16
2228.409912109375,-6.352499999999999,2017-07-17
2318.8798828125,-7.4061,2017-07-18
2273.429931640625,-4.91,2017-07-19
2817.60009765625,-7.3117,2017-07-20
2667.760009765625,-9.5061,2017-07-21
2810.1201171875,-4.2407,2017-07-22
2730.39990234375,-10.5663,2017-07-23
2754.860107421875,-3.1184,2017-07-24
2576.47998046875,20.168400000000002,2017-07-25
2529.449951171875,36.9412,2017-07-26
2671.780029296875,4.2967,2017-07-27
2809.010009765625,-14.4425,2017-07-28
2726.449951171875,-26.6128,2017-07-29
2757.179931640625,-16.6268,2017-07-30
2875.340087890625,-8.228800000000001,2017-07-31
2718.260009765625,-19.1965,2017-08-01
2710.669921875,-6.623200000000001,2017-08-02
2804.72998046875,-14.7165,2017-08-03
2895.889892578125,-5.1572000000000005,2017-08-04
3252.909912109375,-9.3277,2017-08-05
3213.93994140625,-15.8092,2017-08-06
3378.93994140625,5.4232,2017-08-07
3419.93994140625,9.0525,2017-08-08
3342.469970703125,52.9025,2017-08-09
3381.280029296875,43.2047,2017-08-10
3650.6201171875,18.424500000000002,2017-08-11
3884.7099609375,25.8277,2017-08-12
4073.260009765625,2546.427,2017-08-13
4325.1298828125,28.573600000000003,2017-08-14
4181.93017578125,27.4734,2017-08-15
4376.6298828125,22.5935,2017-08-16
4331.68994140625,26.114800000000002,2017-08-17
4160.6201171875,18.5533,2017-08-18
4193.7001953125,22.216,2017-08-19
4087.659912109375,22.4935,2017-08-20
4001.739990234375,32.1518,2017-08-21
4100.52001953125,25.129700000000003,2017-08-22
4151.52001953125,34.6846,2017-08-23
4334.68017578125,27.9478,2017-08-24
4371.60009765625,32.9696,2017-08-25
4352.39990234375,22.733600000000003,2017-08-26
4382.8798828125,27.268800000000002,2017-08-27
4382.66015625,19.4634,2017-08-28
4579.02001953125,19.9462,2017-08-29
4565.2998046875,48.1846,2017-08-30
4703.39013671875,75.1397,2017-08-31
4892.009765625,68.6663,2017-09-01
4578.77001953125,64.2136,2017-09-02
4582.9599609375,49.929700000000004,2017-09-03
4236.31005859375,34.8099,2017-09-04
4376.52978515625,16.7768,2017-09-05
4597.1201171875,38.8001,2017-09-06
4599.8798828125,33.5884,2017-09-07
4228.75,42.7426,2017-09-08
4226.06005859375,26.5132,2017-09-09
4122.93994140625,12.125400000000003,2017-09-10
4161.27001953125,26.631400000000003,2017-09-11
4130.81005859375,38.8799,2017-09-12
3882.590087890625,28.8567,2017-09-13
3154.949951171875,20.6826,2017-09-14
3637.52001953125,29.2999,2017-09-15
3625.0400390625,23.5435,2017-09-16
3582.8798828125,15.577000000000002,2017-09-17
4065.199951171875,8.522000000000002,2017-09-18
3924.969970703125,22.348800000000004,2017-09-19
3905.949951171875,48.999700000000004,2017-09-20
3631.0400390625,44.258700000000005,2017-09-21
3630.699951171875,13.110000000000001,2017-09-22
3792.39990234375,10.9738,2017-09-23
3682.840087890625,22.861600000000003,2017-09-24
3926.070068359375,28.008300000000002,2017-09-25
3892.35009765625,46.448800000000006,2017-09-26
4200.669921875,46.5203,2017-09-27
4174.72998046875,41.9797,2017-09-28
4163.06982421875,60.7424,2017-09-29
4338.7099609375,43.758,2017-09-30
4403.740234375,59.1869,2017-10-01
4409.31982421875,49.7635,2017-10-02
4317.47998046875,49.1432,2017-10-03
4229.35986328125,40.6364,2017-10-04
4328.41015625,48.2764,2017-10-05
4370.81005859375,23.4764,2017-10-06
4426.89013671875,513.2262,2017-10-07
4610.47998046875,2316.2646,2017-10-08
4772.02001953125,2651.1242,2017-10-09
4781.990234375,1596.4393,2017-10-10
4826.47998046875,-5973.2625,2017-10-11
5446.91015625,34.6738,2017-10-12
5647.2099609375,37.4446,2017-10-13
5831.7900390625,85.9808,2017-10-14
5678.18994140625,43.3196,2017-10-15
5725.58984375,41.448100000000004,2017-10-16
5605.509765625,56.308,2017-10-17
5590.68994140625,60.4108,2017-10-18
5708.52001953125,33.191900000000004,2017-10-19
6011.4501953125,20.4966,2017-10-20
6031.60009765625,36.2494,2017-10-21
6008.419921875,21.9676,2017-10-22
5930.31982421875,38.444,2017-10-23
5526.64013671875,17.782200000000003,2017-10-24
5750.7998046875,17.6812,2017-10-25
5904.830078125,19.564200000000003,2017-10-26
5780.89990234375,-0.04519999999999813,2017-10-27
5753.08984375,18.8338,2017-10-28
6153.85009765625,15.933900000000001,2017-10-29
6130.52978515625,31.1539,2017-10-30
6468.39990234375,40.906800000000004,2017-10-31
6767.31005859375,11.604400000000002,2017-11-01
7078.5,42.1965,2017-11-02
7207.759765625,41.5861,2017-11-03
7379.9501953125,27.961700000000004,2017-11-04
7407.41015625,45.972,2017-11-05
7022.759765625,56.568900000000006,2017-11-06
7144.3798828125,8.682500000000001,2017-11-07
7459.68994140625,20.5028,2017-11-08
7143.580078125,30.261000000000003,2017-11-09
6618.14013671875,25.355700000000002,2017-11-10
6357.60009765625,23.1018,2017-11-11
5950.06982421875,24.0979,2017-11-12
6559.490234375,13.965100000000001,2017-11-13
6635.75,44.1739,2017-11-14
7315.5400390625,42.2227,2017-11-15
7871.68994140625,46.3108,2017-11-16
7708.990234375,29.3827,2017-11-17
7790.14990234375,19.7462,2017-11-18
8036.490234375,13.967400000000001,2017-11-19
8200.6396484375,34.0055,2017-11-20
8071.259765625,40.5555,2017-11-21
8253.5498046875,28.5944,2017-11-22
8038.77001953125,16.1371,2017-11-23
8253.6904296875,8.7627,2017-11-24
8790.919921875,-4.3322,2017-11-25
9330.5498046875,64.7014,2017-11-26
9818.349609375,37.5167,2017-11-27
10058.7998046875,44.876400000000004,2017-11-28
9888.6103515625,71.0378,2017-11-29
10233.599609375,51.4941,2017-11-30
10975.599609375,40.0662,2017-12-01
11074.599609375,32.9878,2017-12-02
11323.2001953125,34.0587,2017-12-03
11657.2001953125,41.9948,2017-12-04
11916.7001953125,35.8294,2017-12-05
14291.5,50.941700000000004,2017-12-06
17899.69921875,68.5091,2017-12-07
16569.400390625,6503.9951,2017-12-08
15178.2001953125,7449.8737,2017-12-09
15455.400390625,57.1295,2017-12-10
16936.80078125,70.87100000000001,2017-12-11
17415.400390625,73.0448,2017-12-12
16408.19921875,60.6118,2017-12-13
16564.0,68.9898,2017-12-14
17706.900390625,39.6652,2017-12-15
19497.400390625,25.7108,2017-12-16
19140.80078125,47.8524,2017-12-17
19114.19921875,36.7534,2017-12-18
17776.69921875,64.7487,2017-12-19
16624.599609375,34.0051,2017-12-20
15802.900390625,11.868700000000002,2017-12-21
13831.7998046875,38.467800000000004,2017-12-22
14699.2001953125,32.515100000000004,2017-12-23
13925.7998046875,33.7262,2017-12-24
14026.599609375,39.3189,2017-12-25
16099.7998046875,20.1814,2017-12-26
15838.5,16.867800000000003,2017-12-27
14606.5,21.9996,2017-12-28
14656.2001953125,29.185200000000002,2017-12-29
12952.2001953125,39.6062,2017-12-30
14156.400390625,20.986600000000003,2017-12-31
13657.2001953125,54.54260000000001,2018-01-01
14982.099609375,27.592300000000005,2018-01-02
15201.0,16.372100000000003,2018-01-03
15599.2001953125,34.8793,2018-01-04
17429.5,49.1382,2018-01-05
17527.0,34.3297,2018-01-06
16477.599609375,31.0195,2018-01-07
15170.099609375,52.0124,2018-01-08
14595.400390625,23.142000000000003,2018-01-09
14973.2998046875,38.136,2018-01-10
13405.7998046875,51.3968,2018-01-11
13980.599609375,66.4987,2018-01-12
14360.2001953125,47.6049,2018-01-13
13772.0,31.1776,2018-01-14
13819.7998046875,47.3401,2018-01-15
11490.5,57.7081,2018-01-16
11188.599609375,63.0925,2018-01-17
11474.900390625,79.4912,2018-01-18
11607.400390625,69.3056,2018-01-19
12899.2001953125,70.3533,2018-01-20
11600.099609375,59.1716,2018-01-21
10931.400390625,73.538,2018-01-22
10868.400390625,69.487,2018-01-23
11359.400390625,53.955,2018-01-24
11259.400390625,63.3957,2018-01-25
11171.400390625,54.1188,2018-01-26
11440.7001953125,63.7562,2018-01-27
11786.2998046875,69.4757,2018-01-28
11296.400390625,66.7157,2018-01-29
10106.2998046875,46.4037,2018-01-30
10221.099609375,56.0676,2018-01-31
9170.5400390625,64.8409,2018-02-01
8830.75,59.3102,2018-02-02
9174.91015625,62.1501,2018-02-03
8277.009765625,59.606500000000004,2018-02-04
6955.27001953125,592.5958,2018-02-05
7754.0,7975.4498,2018-02-06
7621.2998046875,60.5308,2018-02-07
8265.58984375,45.304700000000004,2018-02-08
8736.98046875,58.8761,2018-02-09
8621.900390625,48.9803,2018-02-10
8129.97021484375,42.897800000000004,2018-02-11
8926.5703125,74.0449,2018-02-12
8598.3095703125,52.1212,2018-02-13
9494.6298828125,43.4557,2018-02-14
10166.400390625,59.385400000000004,2018-02-15
10233.900390625,65.0435,2018-02-16
11112.7001953125,61.4315,2018-02-17
10551.7998046875,61.613600000000005,2018-02-18
11225.2998046875,53.1228,2018-02-19
11403.7001953125,50.765100000000004,2018-02-20
10690.400390625,52.809400000000004,2018-02-21
10005.0,58.5892,2018-02-22
10301.099609375,36.9084,2018-02-23
9813.0703125,27.488300000000002,2018-02-24
9664.73046875,37.72,2018-02-25
10366.7001953125,51.7595,2018-02-26
10725.599609375,53.6513,2018-02-27
10397.900390625,49.6531,2018-02-28
10951.0,75.6413,2018-03-01
11086.400390625,59.3464,2018-03-02
11489.7001953125,59.4326,2018-03-03
11512.599609375,55.36,2018-03-04
11573.2998046875,54.707300000000004,2018-03-05
10779.900390625,55.7201,2018-03-06
9965.5703125,61.2251,2018-03-07
9395.009765625,64.2247,2018-03-08
9337.5498046875,46.5993,2018-03-09
8866.0,51.7227,2018-03-10
9578.6298828125,58.6302,2018-03-11
9205.1201171875,48.0289,2018-03-12
9194.849609375,49.811,2018-03-13
8269.8095703125,63.3665,2018-03-14
8300.8603515625,55.2466,2018-03-15
8338.349609375,50.8035,2018-03-16
7916.8798828125,39.496,2018-03-17
8223.6796875,54.0263,2018-03-18
8630.650390625,56.0665,2018-03-19
8913.4697265625,65.7641,2018-03-20
8929.2802734375,69.5372,2018-03-21
8728.4697265625,49.991,2018-03-22
8879.6201171875,48.4521,2018-03-23
8668.1201171875,54.6637,2018-03-24
8495.7802734375,42.911,2018-03-25
8209.400390625,53.0763,2018-03-26
7833.0400390625,45.516400000000004,2018-03-27
7954.47998046875,52.2991,2018-03-28
7165.7001953125,52.239200000000004,2018-03-29
6890.52001953125,45.39,2018-03-30
6973.52978515625,30.799500000000002,2018-03-31
6844.22998046875,35.330600000000004,2018-04-01
7083.7998046875,33.8333,2018-04-02
7456.10986328125,1618.0142,2018-04-03
6853.83984375,5430.8833,2018-04-04
6811.47021484375,4897.9368,2018-04-05
6636.31982421875,5064.4249,2018-04-06
6911.08984375,4396.9184000000005,2018-04-07
7023.52001953125,54.647600000000004,2018-04-08
6770.72998046875,43.5178,2018-04-09
6834.759765625,49.1651,2018-04-10
6968.31982421875,53.7665,2018-04-11
7889.25,52.6049,2018-04-12
7895.9599609375,83.5754,2018-04-13
7986.240234375,43.7653,2018-04-14
8329.1103515625,58.284000000000006,2018-04-15
8058.669921875,53.2892,2018-04-16
7902.08984375,45.0706,2018-04-17
8163.419921875,38.901900000000005,2018-04-18
8294.3095703125,34.022,2018-04-19
8845.830078125,39.4735,2018-04-20
8895.580078125,39.3459,2018-04-21
8802.4599609375,43.640100000000004,2018-04-22
8930.8798828125,50.1013,2018-04-23
9697.5,56.4391,2018-04-24
8845.740234375,39.0098,2018-04-25
9281.509765625,48.3723,2018-04-26
8987.0498046875,42.0225,2018-04-27
9348.48046875,34.321,2018-04-28
9419.080078125,55.959,2018-04-29
9240.5498046875,39.4281,2018-04-30
9119.009765625,30.1507,2018-05-01
9235.919921875,51.7959,2018-05-02
9743.8603515625,54.1865,2018-05-03
9700.759765625,58.5402,2018-05-04
9858.150390625,49.831,2018-05-05
9654.7998046875,50.7418,2018-05-06
9373.009765625,55.5313,2018-05-07
9234.8203125,59.7144,2018-05-08
9325.1796875,56.6292,2018-05-09
9043.9404296875,43.6289,2018-05-10
8441.490234375,51.3842,2018-05-11
8504.8896484375,68.7075,2018-05-12
8723.9404296875,42.9188,2018-05-13
8716.7900390625,50.2221,2018-05-14
8510.3798828125,49.7826,2018-05-15
8368.830078125,60.2609,2018-05-16
8094.31982421875,46.61,2018-05-17
8250.9697265625,72.26689999999999,2018-05-18
8247.1796875,45.9479,2018-05-19
8513.25,52.0189,2018-05-20
8418.990234375,75.1332,2018-05-21
8041.77978515625,120.6846,2018-05-22
7557.81982421875,64.4601,2018-05-23
7587.33984375,25.6772,2018-05-24
7480.14013671875,33.302,2018-05-25
7355.8798828125,16.5929,2018-05-26
7368.22021484375,21.5277,2018-05-27
7135.990234375,14.5701,2018-05-28
7472.58984375,37.2256,2018-05-29
7406.52001953125,27.4575,2018-05-30
7494.169921875,27.7975,2018-05-31
7541.4501953125,16.0334,2018-06-01
7643.4501953125,4515.5188,2018-06-02
7720.25,5804.7871,2018-06-03
7514.47021484375,5789.4655,2018-06-04
7633.759765625,5323.0454,2018-06-05
7653.97998046875,28.4397,2018-06-06
7678.240234375,26.4921,2018-06-07
7624.919921875,20.2109,2018-06-08
7531.97998046875,18.747,2018-06-09
6786.02001953125,3.3424000000000005,2018-06-10
6906.919921875,13.997300000000001,2018-06-11
6582.35986328125,23.2061,2018-06-12
6349.89990234375,19.534,2018-06-13
6675.35009765625,18.8566,2018-06-14
6456.580078125,11.7849,2018-06-15
6550.16015625,2.233200000000001,2018-06-16
6499.27001953125,9.3036,2018-06-17
6734.81982421875,17.1136,2018-06-18
6769.93994140625,21.7255,2018-06-19
6776.5498046875,16.9891,2018-06-20
6729.740234375,33.6077,2018-06-21
6083.68994140625,23.6002,2018-06-22
6162.47998046875,17.9417,2018-06-23
6173.22998046875,12.8439,2018-06-24
6249.18017578125,23.0551,2018-06-25
6093.669921875,21.779700000000002,2018-06-26
6157.1298828125,18.0873,2018-06-27
5903.43994140625,27.8927,2018-06-28
6218.2998046875,27.5404,2018-06-29
6404.0,22.0164,2018-06-30
6385.81982421875,15.68,2018-07-01
6614.18017578125,20.5415,2018-07-02
6529.58984375,27.0866,2018-07-03
6597.5498046875,21.4209,2018-07-04
6639.14013671875,24.541900000000002,2018-07-05
6673.5,24.951,2018-07-06
6856.93017578125,18.3778,2018-07-07
6773.8798828125,16.5757,2018-07-08
6741.75,11.517100000000001,2018-07-09
6329.9501953125,9.394900000000002,2018-07-10
6394.7099609375,6.906300000000001,2018-07-11
6228.81005859375,37.4677,2018-07-12
6238.0498046875,35.0016,2018-07-13
6276.1201171875,18.6896,2018-07-14
6359.64013671875,18.1298,2018-07-15
6741.75,28.5516,2018-07-16
7321.0400390625,46.1738,2018-07-17
7370.77978515625,31.8475,2018-07-18
7466.85986328125,28.7669,2018-07-19
7354.1298828125,15.990300000000001,2018-07-20
7419.2900390625,25.0979,2018-07-21
7418.490234375,22.461100000000002,2018-07-22
7711.10986328125,45.3501,2018-07-23
8424.26953125,46.8131,2018-07-24
8181.39013671875,43.5338,2018-07-25
7951.580078125,39.0525,2018-07-26
8165.009765625,34.512100000000004,2018-07-27
8192.150390625,32.9927,2018-07-28
8218.4599609375,31.7317,2018-07-29
8180.48,30.7635,2018-07-30
7780.44,4751.9065,2018-07-31
7624.91,7176.7932,2018-08-01
7567.15,6011.3958,2018-08-02
7434.39,6443.865,2018-08-03
7032.85,33.5347,2018-08-04
7068.48,31.3318,2018-08-05
6951.8,48.4298,2018-08-06
6753.12,29.6788,2018-08-07
6305.8,44.438,2018-08-08
6568.23,45.064,2018-08-09
6184.71,36.0098,2018-08-10
6295.73,44.749500000000005,2018-08-11
6322.69,28.9438,2018-08-12
6297.57,22.2514,2018-08-13
6199.71,43.273,2018-08-14
6308.52,52.8679,2018-08-15
6334.73,45.2377,2018-08-16
6580.63,46.780100000000004,2018-08-17
6423.76,29.802400000000002,2018-08-18
6506.07,15.7224,2018-08-19
6308.53,21.94,2018-08-20
6488.76,29.2777,2018-08-21
6376.71,28.793200000000002,2018-08-22
6534.88,32.5178,2018-08-23
6719.96,52.2547,2018-08-24
6763.19,32.8503,2018-08-25
6707.26,34.2214,2018-08-26
6884.64,37.52,2018-08-27
7096.28,47.6804,2018-08-28
7047.16,48.4532,2018-08-29
6978.23,48.5096,2018-08-30
7037.58,37.5323,2018-08-31
7193.25,32.919200000000004,2018-09-01
7272.72,30.842100000000002,2018-09-02
7260.06,34.4762,2018-09-03
7361.66,38.9427,2018-09-04
6792.83,46.2583,2018-09-05
6529.17,49.1083,2018-09-06
6467.07,40.984300000000005,2018-09-07
6225.98,36.9542,2018-09-08
6300.86,46.243700000000004,2018-09-09
6329.7,39.7399,2018-09-10
6321.2,47.043,2018-09-11
6351.8,38.0781,2018-09-12
6517.31,55.7007,2018-09-13
6512.71,46.7104,2018-09-14
6543.2,36.442,2018-09-15
6517.18,37.2757,2018-09-16
6281.2,31.561400000000003,2018-09-17
6371.3,38.7689,2018-09-18
6398.54,56.914300000000004,2018-09-19
6519.67,57.8146,2018-09-20
6734.95,45.6483,2018-09-21
6721.98,40.374900000000004,2018-09-22
6710.63,17.6721,2018-09-23
6595.41,22.782700000000002,2018-09-24
6446.47,43.1161,2018-09-25
6495.0,46.7095,2018-09-26
6676.75,48.7742,2018-09-27
6644.13,32.5391,2018-09-28
6601.96,36.4094,2018-09-29
6625.56,31.8516,2018-09-30
6589.62,1123.7015000000001,2018-10-01
6556.1,38.388400000000004,2018-10-02
6502.59,36.4211,2018-10-03
6576.69,30.8371,2018-10-04
6622.48,32.8989,2018-10-05
6588.31,29.681,2018-10-06
6602.95,25.7485,2018-10-07
6652.23,37.8827,2018-10-08
6642.64,33.3544,2018-10-09
6585.53,31.199,2018-10-10
6256.24,34.5306,2018-10-11
6274.58,39.7988,2018-10-12
6285.99,18.453500000000002,2018-10-13
6290.93,32.9698,2018-10-14
6596.54,34.6898,2018-10-15
6596.11,45.1667,2018-10-16
6544.43,36.1699,2018-10-17
6476.71,30.386,2018-10-18
6465.41,52.9611,2018-10-19
6489.19,29.8463,2018-10-20
6482.35,42.5976,2018-10-21
6487.16,64.0313,2018-10-22
6475.74,49.1632,2018-10-23
6495.84,41.4765,2018-10-24
6476.29,38.8093,2018-10-25
6474.75,43.5314,2018-10-26
6480.38,36.0958,2018-10-27
6486.39,32.2476,2018-10-28
6332.63,35.3027,2018-10-29
6334.27,47.7768,2018-10-30
6317.61,61.3776,2018-10-31
6377.78,39.1811,2018-11-01
6388.44,22.7229,2018-11-02
6361.26,23.0866,2018-11-03
6376.13,27.7075,2018-11-04
6419.66,41.8211,2018-11-05
6461.01,48.3033,2018-11-06
6530.14,47.7417,2018-11-07
6453.72,23.2463,2018-11-08
6385.62,24.279,2018-11-09
6409.22,21.093500000000002,2018-11-10
6411.27,27.3387,2018-11-11
6371.27,31.0005,2018-11-12
6359.49,24.3688,2018-11-13
5738.35,37.278,2018-11-14
5648.03,32.5406,2018-11-15
5575.55,28.5009,2018-11-16
5554.33,13.4819,2018-11-17
5623.54,21.320700000000002,2018-11-18
4871.49,33.9443,2018-11-19
4451.87,30.3121,2018-11-20
4602.17,31.2166,2018-11-21
4365.94,28.368100000000002,2018-11-22
4347.11,34.0389,2018-11-23
3880.76,33.2052,2018-11-24
4009.97,32.6609,2018-11-25
3779.13,36.4248,2018-11-26
3820.72,39.8672,2018-11-27
4257.42,2794.942,2018-11-28
4278.84645524,5333.7442,2018-11-29
4017.26845712,30.1033,2018-11-30
4214.67193177,31.1539,2018-12-01
4139.8780641,32.9925,2018-12-02
3894.1309069,47.2994,2018-12-03
3956.89386975,52.4651,2018-12-04
3753.99482663,29.8468,2018-12-05
3521.10172384,27.3173,2018-12-06
3419.93720035,53.987300000000005,2018-12-07
3476.11471452,16.765,2018-12-08
3614.23427278,27.1252,2018-12-09
3502.65599577,23.4966,2018-12-10
3424.58807495,28.1431,2018-12-11
3486.95014412,44.6562,2018-12-12
3313.67725772,45.607,2018-12-13
3242.48476281,46.6403,2018-12-14
3236.76164502,44.8574,2018-12-15
3252.83902595,32.4213,2018-12-16
3545.86476058,47.8059,2018-12-17
3696.05912776,51.4607,2018-12-18
3745.95076478,34.563900000000004,2018-12-19
4134.44120304,55.1888,2018-12-20
3896.54371704,41.5826,2018-12-21
4014.18251388,34.5667,2018-12-22
3998.98034184,26.7532,2018-12-23
4078.59919478,29.8661,2018-12-24
3815.49060966,28.4939,2018-12-25
3857.29751969,23.4627,2018-12-26
3654.83353854,29.9864,2018-12-27
3923.91859424,33.2996,2018-12-28
3820.40868219,20.8659,2018-12-29
3865.95257679,29.912300000000002,2018-12-30
3742.70033544,38.7992,2018-12-31
3843.51996727,27.145500000000002,2019-01-01
3943.40933686,27.717100000000002,2019-01-02
3836.74131867,48.2303,2019-01-03
3857.71761887,43.4684,2019-01-04
3845.19446017,27.5235,2019-01-05
4076.63268458,23.9009,2019-01-06
4025.24828708,35.8273,2019-01-07
4030.84799935,36.2707,2019-01-08
4035.29636921,53.8991,2019-01-09
3678.92468128,34.838,2019-01-10
3687.3654818,40.8121,2019-01-11
3661.30098975,20.7543,2019-01-12
3552.95306759,27.3529,2019-01-13
3706.05222041,37.7512,2019-01-14
3630.67522467,45.7778,2019-01-15
3655.00688578,2384.9807,2019-01-16
3678.56397636,3935.6009,2019-01-17
3657.83943502,3935.7747,2019-01-18
3728.56836493,3749.8843,2019-01-19
3601.0135915,3244.4699,2019-01-20
3576.03243928,3785.5535,2019-01-21
3604.57705248,3658.5089,2019-01-22
3585.12306636,3730.68,2019-01-23
3600.86550122,3823.8462,2019-01-24
3599.7658879,3929.6995,2019-01-25
3602.46043861,3923.0478,2019-01-26
3583.96576317,3245.1286,2019-01-27
3470.45054223,21.922900000000002,2019-01-28
3448.11702209,31.3257,2019-01-29
3486.18175093,31.0183,2019-01-30
3457.79274724,31.0212,2019-01-31
3487.94538683,26.8093,2019-02-01
3521.06078726,23.1399,2019-02-02
3464.01332586,17.5254,2019-02-03
3459.15414635,25.2013,2019-02-04
3466.35743916,37.130900000000004,2019-02-05
3413.7677183,47.8616,2019-02-06
3399.47164359,41.5901,2019-02-07
3666.78035061,42.4454,2019-02-08
3671.20370545,32.7385,2019-02-09
3690.18824383,31.1941,2019-02-10
3648.43062774,56.123400000000004,2019-02-11
3653.52864497,86.1125,2019-02-12
3632.07060268,89.0586,2019-02-13
3616.88097021,77.4392,2019-02-14
3620.81075285,69.3753,2019-02-15
3629.78749138,43.7372,2019-02-16
3673.83629289,54.045,2019-02-17
3915.71447331,106.0976,2019-02-18
3947.09440657,76.2406,2019-02-19
3999.82050882,65.1255,2019-02-20
3954.1182433,85.3468,2019-02-21
4005.52660406,54.873599999999996,2019-02-22
4142.52692999,67.2904,2019-02-23
3810.42743065,59.4134,2019-02-24
3882.69629339,57.7476,2019-02-25
3854.35793575,60.4667,2019-02-26
3851.04747978,63.0205,2019-02-27
3854.78528208,57.0932,2019-02-28
3859.58375221,53.2927,2019-03-01
3864.41510673,42.9611,2019-03-02
3847.17569934,52.3699,2019-03-03
3761.55701842,50.6192,2019-03-04
3896.37502308,65.5509,2019-03-05
3903.9425832,72.7404,2019-03-06
3911.4842891,65.1045,2019-03-07
3901.13162355,253.8152,2019-03-08
3963.31374243,52.3801,2019-03-09
3951.59982769,50.461,2019-03-10
3905.22731979,48.7999,2019-03-11
3909.15620907,82.691,2019-03-12
3906.71716859,50.3275,2019-03-13
3924.369118,65.8827,2019-03-14
3960.91118728,60.6292,2019-03-15
4048.72590374,55.5857,2019-03-16
4025.22897966,79.0316,2019-03-17
4032.50738522,76.6308,2019-03-18
4071.19020004,55.2156,2019-03-19
4087.47629856,64.0762,2019-03-20
4029.32690706,71.7837,2019-03-21
4023.96816173,71.8938,2019-03-22
4035.82635079,55.4882,2019-03-23
4022.1682822,61.6071,2019-03-24
3963.07065416,51.4301,2019-03-25
3985.08080287,76.3169,2019-03-26
4087.06622992,66.1409,2019-03-27
4069.10714977,402.4998,2019-03-28
4098.37454059,63.6293,2019-03-29
4106.66008466,53.9544,2019-03-30
4105.40429618,62.0567,2019-03-31
4158.18307045,83.7153,2019-04-01
4879.87782845,117.7986,2019-04-02
4973.02181522,91.031,2019-04-03
4922.79878778,74.5354,2019-04-04
5036.68110011,102.0013,2019-04-05
5059.81718799,73.5296,2019-04-06
5198.89699014,55.6756,2019-04-07
5289.77104039,109.90650000000001,2019-04-08
5204.95837847,77.1692,2019-04-09
5324.5518687,104.8359,2019-04-10
5064.48767243,81.0391,2019-04-11
5089.53891201,75.1969,2019-04-12
5096.58656276,67.6255,2019-04-13
5167.72236684,57.6855,2019-04-14
5067.10847228,97.5859,2019-04-15
5235.55941893,73.5978,2019-04-16
5251.93818854,93.3763,2019-04-17
5298.38569881,91.5802,2019-04-18
5303.81261613,97.58500000000001,2019-04-19
5337.8861323,91.6537,2019-04-20
5314.5314532,145.3377,2019-04-21
5399.36541009,92.5564,2019-04-22
5572.36206051,120.42960000000001,2019-04-23
5464.86664182,114.99,2019-04-24
5210.51555862,116.9644,2019-04-25
5279.34821147,103.3731,2019-04-26
5268.29106346,96.3591,2019-04-27
5285.13900822,78.9457,2019-04-28
5247.35253746,124.7731,2019-04-29
5350.72669668,147.2784,2019-04-30
5402.69709069,110.2481,2019-05-01
5505.28367176,125.6511,2019-05-02
5768.28940693,143.269,2019-05-03
5831.16747167,119.046,2019-05-04
5795.70842926,117.4312,2019-05-05
5746.80700343,148.5222,2019-05-06
5829.50151628,176.1968,2019-05-07
5982.45732286,173.8928,2019-05-08
6174.52868876,194.6253,2019-05-09
6378.8489737,5723.6548,2019-05-10
7204.77169716,10858.3202,2019-05-11
6972.37152291,9018.5629,2019-05-12
7814.91513992,12474.1628,2019-05-13
7994.41615632,13572.5687,2019-05-14
8205.16749484,11772.5341,2019-05-15
7884.90929094,10770.202,2019-05-16
7343.89571659,8554.3033,2019-05-17
7271.20790408,7196.4635,2019-05-18
8197.68969114,8966.8807,2019-05-19
7978.30907244,6215.4017,2019-05-20
7963.32777911,8941.366,2019-05-21
7680.06654589,9252.5533,2019-05-22
7881.84672105,8673.8758,2019-05-23
7987.37156583,10512.931,2019-05-24
8052.54385907,7525.4526,2019-05-25
8673.21603511,7802.6563,2019-05-26
8805.7783766,8744.6958,2019-05-27
8719.9617362,10207.174,2019-05-28
8659.48775584,10772.216,2019-05-29
8319.47222898,11209.5387,2019-05-30
8574.50164907,8774.13,2019-05-31
8564.01647182,8349.9778,2019-06-01
8742.95810038,7889.1358,2019-06-02
8208.99482964,7753.3577,2019-06-03
7707.77077085,8209.6647,2019-06-04
7824.23153913,7602.5414,2019-06-05
7822.02338228,7963.9068,2019-06-06
8043.95135807,7436.6264,2019-06-07
7954.12772355,46852.8879,2019-06-08
7688.07711075,6751.7681,2019-06-09
8000.32982299,7873.5361,2019-06-10
7927.71435114,29862.4252,2019-06-11
8145.85747373,8059.9237,2019-06-12
8230.92383068,8322.5174,2019-06-13
8693.83281543,14643.5418,2019-06-14
8838.37523367,6969.3583,2019-06-15
8994.48801293,8608.6634,2019-06-16
9320.35218253,95544.0833,2019-06-17
9081.76285149,9416.9938,2019-06-18
9273.52176614,8966.2164,2019-06-19
9527.16035008,9388.1909,2019-06-20
10144.5567168,30867.387199999997,2019-06-21
10701.691013,13015.6382,2019-06-22
10855.3710156,10110.8251,2019-06-23
11011.1024485,11385.303,2019-06-24
11790.916533,11916.6579,2019-06-25
13016.2317442,14682.1629,2019-06-26
11182.8062855,11948.9423,2019-06-27
12407.331998,10402.7966,2019-06-28
11959.3709764,8724.338,2019-06-29
10817.1555981,8373.4319,2019-06-30
10583.1345195,10008.2421,2019-07-01
10801.6779238,10127.7529,2019-07-02
11961.2693412,9374.1946,2019-07-03
11215.4375483,9061.3843,2019-07-04
10978.4599518,9104.3581,2019-07-05
11208.5508454,8100.4182,2019-07-06
11450.8467553,7724.4458,2019-07-07
12285.958217,8959.4364,2019-07-08
12573.8129407,9652.7249,2019-07-09
12156.5126313,10430.0817,2019-07-10
11358.661752,8565.8239,2019-07-11
11815.9866867,11362.5947,2019-07-12
11392.3793357,8143.0176,2019-07-13
10256.0582756,7237.1375,2019-07-14
10895.0893874,8470.2861,2019-07-15
9477.64204235,8876.5261,2019-07-16
9693.80272448,8738.6774,2019-07-17
10666.4828491,8084.9162,2019-07-18
10530.7326264,8036.398,2019-07-19
10767.1395226,8114.6629,2019-07-20
10599.1053965,8040.1357,2019-07-21
10343.1061684,9506.2661,2019-07-22
9900.76801058,7955.8877,2019-07-23
9811.92618837,7688.769,2019-07-24
9911.84226491,8280.6162,2019-07-25
9870.30353766,17995.2853,2019-07-26
9477.67767811,9924.8059,2019-07-27
9552.86043541,7852.7009,2019-07-28
9519.14591371,8857.9084,2019-07-29
9607.42368665,8381.1068,2019-07-30
10085.6277491,7653.6426,2019-07-31
10399.6694229,7831.8192,2019-08-01
10518.1746772,8991.1149,2019-08-02
10821.7265103,8464.8487,2019-08-03
10970.1842157,7443.4504,2019-08-04
11805.6537253,9142.4775,2019-08-05
11478.1693461,8252.2565,2019-08-06
11941.9683406,9755.2168,2019-08-07
11966.407405,7555.3464,2019-08-08
11862.93676,7246.1066,2019-08-09
11354.0242177,8874.3438,2019-08-10
11523.5793784,8231.6534,2019-08-11
11382.6159562,9258.4225,2019-08-12
10895.8304358,7792.5956,2019-08-13
10051.7039313,7645.2023,2019-08-14
10311.545429,7627.7615,2019-08-15
10374.3393471,7455.6939,2019-08-16
10231.7438454,8846.2228,2019-08-17
10345.8103795,6386.8792,2019-08-18
10916.0538702,7423.5162,2019-08-19
10763.2326304,8082.7093,2019-08-20
10138.049355,7507.0718,2019-08-21
10131.0561021,7304.4515,2019-08-22
10407.965329,7106.7711,2019-08-23
10159.9605385,6754.1629,2019-08-24
10138.517665,6614.6705,2019-08-25
10370.8201605,7221.918,2019-08-26
10185.4998997,6363.9557,2019-08-27
9754.42327325,7007.1534,2019-08-28
9510.20054413,6326.2419,2019-08-29
9598.17364826,6380.7172,2019-08-30
9630.66384768,5569.72,2019-08-31
9757.97031807,5424.6973,2019-09-01
10346.7607927,6492.4679,2019-09-02
10623.5401172,14015.369499999999,2019-09-03
10594.4933536,7049.0002,2019-09-04
10575.533284,7244.2212,2019-09-05
10353.3025592,7938.7765,2019-09-06
10517.254784,6147.4344,2019-09-07
10441.275979,6350.4563,2019-09-08
10334.9741628,7570.4706,2019-09-09
10115.9757913,8503.0086,2019-09-10
10178.3718893,7577.1945,2019-09-11
10410.1268031,7280.8472,2019-09-12
10360.5472773,7082.562,2019-09-13
10358.0491621,6471.5583,2019-09-14
10347.7129074,7118.604,2019-09-15
10276.7935649,8259.8668,2019-09-16
10241.2721545,7612.942,2019-09-17
10198.2484072,8636.5004,2019-09-18
10266.4149694,8108.1166,2019-09-19
10181.6413094,7654.5614,2019-09-20
10019.7169101,6197.7919,2019-09-21
10070.3921064,6226.9999,2019-09-22
9729.32376435,7415.6378,2019-09-23
8620.56642733,8068.6722,2019-09-24
8486.99297206,7510.4797,2019-09-25
8118.96756783,7376.513,2019-09-26
8251.84555744,6923.3353,2019-09-27
8245.91515478,8244.9353,2019-09-28
8104.18567564,6162.1664,2019-09-29
8293.86774062,6585.2647,2019-09-30
8343.2766814,7062.2449,2019-10-01
8393.04164486,6198.2849,2019-10-02
8259.99197863,6865.9434,2019-10-03
8205.93924121,6628.7572,2019-10-04
8151.50052921,6003.2985,2019-10-05
7988.15595888,5687.8743,2019-10-06
8245.622933,6806.9096,2019-10-07
8228.7831528,6931.3189,2019-10-08
8595.73981722,7526.6423,2019-10-09
8586.47342543,7089.799,2019-10-10
8321.75671178,6764.2755,2019-10-11
8336.55527417,6512.6379,2019-10-12
8321.00574668,6375.6547,2019-10-13
8374.6864467,7008.517,2019-10-14
8205.36931588,7439.1563,2019-10-15
8047.52686305,7090.5255,2019-10-16
8103.91137325,6390.3550000000005,2019-10-17
7973.20744597,6045.6526,2019-10-18
7988.56044241,5888.7113,2019-10-19
8222.07826034,6074.7765,2019-10-20
8243.72113905,6341.7762,2019-10-21
8078.20332194,7150.1672,2019-10-22
7514.67201276,6848.1239000000005,2019-10-23
7493.48873154,7783.192,2019-10-24
8660.70063696,7855.146,2019-10-25
9244.97220867,8577.5077,2019-10-26
9551.7149631,7011.0791,2019-10-27
9256.14838876,7328.5562,2019-10-28
9427.68758384,7535.5252,2019-10-29
9205.72655905,7050.175,2019-10-30
9199.58483269,8069.5379,2019-10-31
9261.104352,6673.5922,2019-11-01
9324.71776331,5744.225,2019-11-02
9235.35487947,5010.0394,2019-11-03
9412.61187106,6621.2481,2019-11-04
9342.52717939,7553.6334,2019-11-05
9360.87991187,7403.3616,2019-11-06
9267.56114253,7317.424,2019-11-07
8804.88071936,6435.3376,2019-11-08
8813.58248677,5887.448,2019-11-09
9055.52605732,6020.0118,2019-11-10
8757.78854226,7169.3814,2019-11-11
8815.66253925,7248.1488,2019-11-12
8808.2625823,6363.7811,2019-11-13
8708.09509517,6959.7163,2019-11-14
8491.99201234,6426.3373,2019-11-15
8550.76055694,5744.7984,2019-11-16
8577.9757816,5074.9632,2019-11-17
8309.28598342,6850.1351,2019-11-18
8206.14591807,7533.9115,2019-11-19
8027.26824331,8233.7962,2019-11-20
7642.74994484,7929.8912,2019-11-21
7296.57756843,6979.5915,2019-11-22
7397.7968154,4115.898,2019-11-23
